  Time                 , V(VOUT)              , I(L1:1)              , -i(rload)            , v(vsw)               , v(vin)               
  1.470000000004e-04  ,5.000208578792e+00  ,3.621549696606e+00  ,3.500146005155e+00  ,-1.060230125853e-01  ,1.350000000000e+01  
  1.470017970805e-04  ,5.000207890877e+00  ,3.617319650907e+00  ,3.500145523614e+00  ,-1.059020623214e-01  ,1.350000000000e+01  
  1.470053912406e-04  ,5.000206300544e+00  ,3.608859964022e+00  ,3.500144410380e+00  ,-1.056601729268e-01  ,1.350000000000e+01  
  1.470125795607e-04  ,5.000202094614e+00  ,3.591942533742e+00  ,3.500141466230e+00  ,-1.051764483066e-01  ,1.350000000000e+01  
  1.470269562010e-04  ,5.000189479681e+00  ,3.558115722463e+00  ,3.500132635777e+00  ,-1.042092236771e-01  ,1.350000000000e+01  
  1.470416621570e-04  ,5.000170796956e+00  ,3.523525255032e+00  ,3.500119557869e+00  ,-1.032201557178e-01  ,1.350000000000e+01  
  1.470547409062e-04  ,5.000149304638e+00  ,3.492771755384e+00  ,3.500104513246e+00  ,-1.023407938944e-01  ,1.350000000000e+01  
  1.470656783585e-04  ,5.000127828894e+00  ,3.467060246437e+00  ,3.500089480226e+00  ,-1.016055970571e-01  ,1.350000000000e+01  
  1.470752791767e-04  ,5.000106363315e+00  ,3.444496076942e+00  ,3.500074454321e+00  ,-1.009603916638e-01  ,1.350000000000e+01  
  1.470848427419e-04  ,5.000082559871e+00  ,3.422024312169e+00  ,3.500057791910e+00  ,-1.003178252787e-01  ,1.350000000000e+01  
  1.470917978589e-04  ,5.000063739243e+00  ,3.405684737471e+00  ,3.500044617470e+00  ,-9.985060268730e-02  ,1.350000000000e+01  
  1.470980079179e-04  ,5.000045862844e+00  ,3.391097691789e+00  ,3.500032103991e+00  ,-9.943349103878e-02  ,1.350000000000e+01  
  1.471018233602e-04  ,5.000034378875e+00  ,3.382136470523e+00  ,3.500024065213e+00  ,-9.917724708258e-02  ,1.350000000000e+01  
  1.471047573988e-04  ,5.000025288913e+00  ,3.375245904400e+00  ,3.500017702239e+00  ,-9.898021303406e-02  ,1.350000000000e+01  
  1.471091584568e-04  ,5.000011232513e+00  ,3.364910915612e+00  ,3.500007862759e+00  ,-9.868468564107e-02  ,1.350000000000e+01  
  1.471168996100e-04  ,4.999985283061e+00  ,3.346734901126e+00  ,3.499989698143e+00  ,-9.816494289184e-02  ,1.350000000000e+01  
  1.471303568487e-04  ,4.999936462091e+00  ,3.315145302424e+00  ,3.499955523464e+00  ,-9.726163337584e-02  ,1.350000000000e+01  
  1.471503571872e-04  ,4.999855225047e+00  ,3.268214335999e+00  ,3.499898657533e+00  ,-9.591962118115e-02  ,1.350000000000e+01  
  1.471703575258e-04  ,4.999763634281e+00  ,3.221304873438e+00  ,3.499834543997e+00  ,-9.457820625154e-02  ,1.350000000000e+01  
  1.471836702232e-04  ,4.999696162014e+00  ,3.189079253469e+00  ,3.499787313410e+00  ,-3.281359385604e-01  ,1.350000000000e+01  
  1.471852303748e-04  ,4.999687918814e+00  ,3.185260487127e+00  ,3.499781543170e+00  ,-3.277593093465e-01  ,1.350000000000e+01  
  1.471863414426e-04  ,4.999682007145e+00  ,3.182538832875e+00  ,3.499777405002e+00  ,-3.274865370108e-01  ,1.350000000000e+01  
  1.471870208424e-04  ,4.999678375627e+00  ,3.180874243160e+00  ,3.499774862939e+00  ,-3.273199443911e-01  ,1.350000000000e+01  
  1.471877455977e-04  ,4.999674487890e+00  ,3.179098484377e+00  ,3.499772141523e+00  ,-3.271422255178e-01  ,1.350000000000e+01  
  1.471883326103e-04  ,4.999671328628e+00  ,3.177660235226e+00  ,3.499769930040e+00  ,-3.269982855189e-01  ,1.350000000000e+01  
  1.471888189469e-04  ,4.999668704152e+00  ,3.176468681080e+00  ,3.499768092907e+00  ,-3.268790253620e-01  ,1.350000000000e+01  
  1.471892826990e-04  ,4.999666195609e+00  ,3.175332488072e+00  ,3.499766336926e+00  ,-3.267653072483e-01  ,1.350000000000e+01  
  1.471898445659e-04  ,4.999663148567e+00  ,3.173955951435e+00  ,3.499764203997e+00  ,-3.266275565904e-01  ,1.350000000000e+01  
  1.471903073867e-04  ,4.999660632265e+00  ,3.172822103599e+00  ,3.499762442585e+00  ,-3.265140802486e-01  ,1.350000000000e+01  
  1.471907615461e-04  ,4.999658157438e+00  ,3.171709503128e+00  ,3.499760710206e+00  ,-3.264027195043e-01  ,1.350000000000e+01  
  1.471909809890e-04  ,4.999656959646e+00  ,3.171171921713e+00  ,3.499759871752e+00  ,-3.263489069969e-01  ,1.350000000000e+01  
  1.471910896976e-04  ,4.999656365799e+00  ,3.170905614580e+00  ,3.499759456059e+00  ,-3.263222679323e-01  ,1.350000000000e+01  
  1.471911759381e-04  ,4.999655894462e+00  ,3.170694349581e+00  ,3.499759126123e+00  ,-3.263011372847e-01  ,1.350000000000e+01  
  1.471912670331e-04  ,4.999655396375e+00  ,3.170471193470e+00  ,3.499758777463e+00  ,-3.262788140591e-01  ,1.350000000000e+01  
  1.471913024757e-04  ,4.999655202522e+00  ,3.170384369650e+00  ,3.499758641766e+00  ,-3.262701603771e-01  ,1.350000000000e+01  
  1.471913308898e-04  ,4.999655047088e+00  ,3.170314763849e+00  ,3.499758532962e+00  ,-3.262631412750e-01  ,1.350000000000e+01  
  1.471913614663e-04  ,4.999654879801e+00  ,3.170239860915e+00  ,3.499758415860e+00  ,-3.262555988577e-01  ,1.350000000000e+01  
  1.471914140045e-04  ,4.999654592298e+00  ,3.170111158780e+00  ,3.499758214609e+00  ,-3.262426851019e-01  ,1.350000000000e+01  
  1.471914692785e-04  ,4.999654289744e+00  ,3.169975755299e+00  ,3.499758002821e+00  ,-3.262292378937e-01  ,1.350000000000e+01  
  1.471915798265e-04  ,4.999653684390e+00  ,3.169704949585e+00  ,3.499757579073e+00  ,-3.262021274295e-01  ,1.350000000000e+01  
  1.471918009225e-04  ,4.999652472692e+00  ,3.169163343150e+00  ,3.499756730884e+00  ,-3.261478966424e-01  ,1.350000000000e+01  
  1.471922431144e-04  ,4.999650045344e+00  ,3.168080150254e+00  ,3.499755031741e+00  ,-3.260394844309e-01  ,1.350000000000e+01  
  1.471927139911e-04  ,4.999647454742e+00  ,3.166926720544e+00  ,3.499753218320e+00  ,-3.259240532946e-01  ,1.350000000000e+01  
  1.471931137148e-04  ,4.999645250910e+00  ,3.165947606522e+00  ,3.499751675637e+00  ,-3.258260643290e-01  ,1.350000000000e+01  
  1.471934748817e-04  ,4.999643255953e+00  ,3.165062955112e+00  ,3.499750279167e+00  ,-3.257375295767e-01  ,1.350000000000e+01  
  1.471937713682e-04  ,4.999641615639e+00  ,3.164336746688e+00  ,3.499749130948e+00  ,-3.256648528430e-01  ,1.350000000000e+01  
  1.471939269922e-04  ,4.999640753701e+00  ,3.163955569045e+00  ,3.499748527591e+00  ,-3.256267132151e-01  ,1.350000000000e+01  
  1.471939627376e-04  ,4.999640555629e+00  ,3.163868016702e+00  ,3.499748388940e+00  ,-3.256179942271e-01  ,1.350000000000e+01  
  1.471939844374e-04  ,4.999640435370e+00  ,3.163814866625e+00  ,3.499748304759e+00  ,-3.256127115024e-01  ,1.350000000000e+01  
  1.471940181105e-04  ,4.999640248731e+00  ,3.163732390038e+00  ,3.499748174112e+00  ,-3.256044425845e-01  ,1.350000000000e+01  
  1.471940854568e-04  ,4.999639875359e+00  ,3.163567437329e+00  ,3.499747912752e+00  ,-3.255878050142e-01  ,1.350000000000e+01  
  1.471942199630e-04  ,4.999639129283e+00  ,3.163237989983e+00  ,3.499747390498e+00  ,-3.255548615590e-01  ,1.350000000000e+01  
  1.471943412678e-04  ,4.999638456014e+00  ,3.162940879291e+00  ,3.499746919210e+00  ,-3.255251419929e-01  ,1.350000000000e+01  
  1.471945838773e-04  ,4.999637108289e+00  ,3.162346663921e+00  ,3.499745975802e+00  ,-3.254656660035e-01  ,1.350000000000e+01  
  1.471947650894e-04  ,4.999636444172e+00  ,3.162687990088e+00  ,3.499745510920e+00  ,1.328242324225e+01  ,1.350000000000e+01  
  1.471948486989e-04  ,4.999636243256e+00  ,3.162964178288e+00  ,3.499745370279e+00  ,1.331630979487e+01  ,1.350000000000e+01  
  1.471948724534e-04  ,4.999636197127e+00  ,3.163051312209e+00  ,3.499745337989e+00  ,1.331026496268e+01  ,1.350000000000e+01  
  1.471949086120e-04  ,4.999636133171e+00  ,3.163185764532e+00  ,3.499745293220e+00  ,1.331019080746e+01  ,1.350000000000e+01  
  1.471949602888e-04  ,4.999636049785e+00  ,3.163378907586e+00  ,3.499745234850e+00  ,1.331019708557e+01  ,1.350000000000e+01  
  1.471950636423e-04  ,4.999635895475e+00  ,3.163765890303e+00  ,3.499745126832e+00  ,1.331017408877e+01  ,1.350000000000e+01  
  1.471952703494e-04  ,4.999635601112e+00  ,3.164540409546e+00  ,3.499744920778e+00  ,1.331012759059e+01  ,1.350000000000e+01  
  1.471954154960e-04  ,4.999635398099e+00  ,3.165084446993e+00  ,3.499744778669e+00  ,1.331009494814e+01  ,1.350000000000e+01  
  1.471955553574e-04  ,4.999635203108e+00  ,3.165608720906e+00  ,3.499744642175e+00  ,1.331006349171e+01  ,1.350000000000e+01  
  1.471957840669e-04  ,4.999634885504e+00  ,3.166466063175e+00  ,3.499744419853e+00  ,1.331001205117e+01  ,1.350000000000e+01  
  1.471961772247e-04  ,4.999634345008e+00  ,3.167939866957e+00  ,3.499744041506e+00  ,1.330992362295e+01  ,1.350000000000e+01  
  1.471969635404e-04  ,4.999633287282e+00  ,3.170887411596e+00  ,3.499743301098e+00  ,1.330974677027e+01  ,1.350000000000e+01  
  1.471977574929e-04  ,4.999632250418e+00  ,3.173863498208e+00  ,3.499742575293e+00  ,1.330956820507e+01  ,1.350000000000e+01  
  1.471983510248e-04  ,4.999631495694e+00  ,3.176088263436e+00  ,3.499742046986e+00  ,1.330943471916e+01  ,1.350000000000e+01  
  1.471988560810e-04  ,4.999630867202e+00  ,3.177981353325e+00  ,3.499741607041e+00  ,1.330932113376e+01  ,1.350000000000e+01  
  1.471990853493e-04  ,4.999630586062e+00  ,3.178840702776e+00  ,3.499741410244e+00  ,1.330926957279e+01  ,1.350000000000e+01  
  1.471991714268e-04  ,4.999630481181e+00  ,3.179163338784e+00  ,3.499741336827e+00  ,1.330925021463e+01  ,1.350000000000e+01  
  1.471992605893e-04  ,4.999630372926e+00  ,3.179497536965e+00  ,3.499741261048e+00  ,1.330923016274e+01  ,1.350000000000e+01  
  1.471994389143e-04  ,4.999630157594e+00  ,3.180165930090e+00  ,3.499741110316e+00  ,1.330919005916e+01  ,1.350000000000e+01  
  1.471997955643e-04  ,4.999629731635e+00  ,3.181502703388e+00  ,3.499740812145e+00  ,1.330910985276e+01  ,1.350000000000e+01  
  1.472001361955e-04  ,4.999629330662e+00  ,3.182779420086e+00  ,3.499740531463e+00  ,1.330903324976e+01  ,1.350000000000e+01  
  1.472004715182e-04  ,4.999628941520e+00  ,3.184036224515e+00  ,3.499740259064e+00  ,1.330895784149e+01  ,1.350000000000e+01  
  1.472007597160e-04  ,4.999628611487e+00  ,3.185116390432e+00  ,3.499740028041e+00  ,1.330889303153e+01  ,1.350000000000e+01  
  1.472010132685e-04  ,4.999628324508e+00  ,3.186066696734e+00  ,3.499739827155e+00  ,1.330883601316e+01  ,1.350000000000e+01  
  1.472012435613e-04  ,4.999628066592e+00  ,3.186929818613e+00  ,3.499739646615e+00  ,1.330878422584e+01  ,1.350000000000e+01  
  1.472015955547e-04  ,4.999627677412e+00  ,3.188249052152e+00  ,3.499739374189e+00  ,1.330870507183e+01  ,1.350000000000e+01  
  1.472022744889e-04  ,4.999626943920e+00  ,3.190793577324e+00  ,3.499738860744e+00  ,1.330855240032e+01  ,1.350000000000e+01  
  1.472030707697e-04  ,4.999626112415e+00  ,3.193777817207e+00  ,3.499738278690e+00  ,1.330837334593e+01  ,1.350000000000e+01  
  1.472038644428e-04  ,4.999625314483e+00  ,3.196752198449e+00  ,3.499737720138e+00  ,1.330819488305e+01  ,1.350000000000e+01  
  1.472043991150e-04  ,4.999624794280e+00  ,3.198755896134e+00  ,3.499737355996e+00  ,1.330807466119e+01  ,1.350000000000e+01  
  1.472048415864e-04  ,4.999624374324e+00  ,3.200414039161e+00  ,3.499737062027e+00  ,1.330797517261e+01  ,1.350000000000e+01  
  1.472052438712e-04  ,4.999624000785e+00  ,3.201921561607e+00  ,3.499736800549e+00  ,1.330788472126e+01  ,1.350000000000e+01  
  1.472056986826e-04  ,4.999623587957e+00  ,3.203625895788e+00  ,3.499736511570e+00  ,1.330778246121e+01  ,1.350000000000e+01  
  1.472063547062e-04  ,4.999623010193e+00  ,3.206084191729e+00  ,3.499736107135e+00  ,1.330763496345e+01  ,1.350000000000e+01  
  1.472069559680e-04  ,4.999622498995e+00  ,3.208337229326e+00  ,3.499735749297e+00  ,1.330749978120e+01  ,1.350000000000e+01  
  1.472081584917e-04  ,4.999621529125e+00  ,3.212843157149e+00  ,3.499735070387e+00  ,1.330722942552e+01  ,1.350000000000e+01  
  1.472101694034e-04  ,4.999620063174e+00  ,3.220377723721e+00  ,3.499734044222e+00  ,1.330677735153e+01  ,1.350000000000e+01  
  1.472122741925e-04  ,4.999618737038e+00  ,3.228263444877e+00  ,3.499733115926e+00  ,1.330630420826e+01  ,1.350000000000e+01  
  1.472135055872e-04  ,4.999618059664e+00  ,3.232876661403e+00  ,3.499732641765e+00  ,1.330602741527e+01  ,1.350000000000e+01  
  1.472148560049e-04  ,4.999617400094e+00  ,3.237935540935e+00  ,3.499732180066e+00  ,1.330572388249e+01  ,1.350000000000e+01  
  1.472158039050e-04  ,4.999616989033e+00  ,3.241486377326e+00  ,3.499731892323e+00  ,1.330551083231e+01  ,1.350000000000e+01  
  1.472162734779e-04  ,4.999616801237e+00  ,3.243245353190e+00  ,3.499731760866e+00  ,1.330540529376e+01  ,1.350000000000e+01  
  1.472166185794e-04  ,4.999616669900e+00  ,3.244538052248e+00  ,3.499731668930e+00  ,1.330532773181e+01  ,1.350000000000e+01  
  1.472169567892e-04  ,4.999616546669e+00  ,3.245804919980e+00  ,3.499731582669e+00  ,1.330525171975e+01  ,1.350000000000e+01  
  1.472173708553e-04  ,4.999616403187e+00  ,3.247355909099e+00  ,3.499731482231e+00  ,1.330515866040e+01  ,1.350000000000e+01  
  1.472177783554e-04  ,4.999616269909e+00  ,3.248882281487e+00  ,3.499731388936e+00  ,1.330506707806e+01  ,1.350000000000e+01  
  1.472182055997e-04  ,4.999616138615e+00  ,3.250482584804e+00  ,3.499731297030e+00  ,1.330497105986e+01  ,1.350000000000e+01  
  1.472189485157e-04  ,4.999615930864e+00  ,3.253265222021e+00  ,3.499731151605e+00  ,1.330480410162e+01  ,1.350000000000e+01  
  1.472197472179e-04  ,4.999615736592e+00  ,3.256256726156e+00  ,3.499731015614e+00  ,1.330462461137e+01  ,1.350000000000e+01  
  1.472202629844e-04  ,4.999615627125e+00  ,3.258188460561e+00  ,3.499730938988e+00  ,1.330450870731e+01  ,1.350000000000e+01  
  1.472208977738e-04  ,4.999615509601e+00  ,3.260565930127e+00  ,3.499730856721e+00  ,1.330436605914e+01  ,1.350000000000e+01  
  1.472214276964e-04  ,4.999615426011e+00  ,3.262550600832e+00  ,3.499730798208e+00  ,1.330424697889e+01  ,1.350000000000e+01  
  1.472220977830e-04  ,4.999615339204e+00  ,3.265060160465e+00  ,3.499730737443e+00  ,1.330409640531e+01  ,1.350000000000e+01  
  1.472229768584e-04  ,4.999615257275e+00  ,3.268352317022e+00  ,3.499730680093e+00  ,1.330389887592e+01  ,1.350000000000e+01  
  1.472239988918e-04  ,4.999615207538e+00  ,3.272179722209e+00  ,3.499730645277e+00  ,1.330366923161e+01  ,1.350000000000e+01  
  1.472253992284e-04  ,4.999615218681e+00  ,3.277423601371e+00  ,3.499730653076e+00  ,1.330335459886e+01  ,1.350000000000e+01  
  1.472274753327e-04  ,4.999615403506e+00  ,3.285197554852e+00  ,3.499730782454e+00  ,1.330288816165e+01  ,1.350000000000e+01  
  1.472306015963e-04  ,4.999616059433e+00  ,3.296902712536e+00  ,3.499731241603e+00  ,1.330218585218e+01  ,1.350000000000e+01  
  1.472340448821e-04  ,4.999617304571e+00  ,3.309793303313e+00  ,3.499732113200e+00  ,1.330141241673e+01  ,1.350000000000e+01  
  1.472401722396e-04  ,4.999620865071e+00  ,3.332728225377e+00  ,3.499734605550e+00  ,1.330003632140e+01  ,1.350000000000e+01  
  1.472505687798e-04  ,4.999630804738e+00  ,3.371631132616e+00  ,3.499741563316e+00  ,1.329770214696e+01  ,1.350000000000e+01  
  1.472620054210e-04  ,4.999647324888e+00  ,3.414408946537e+00  ,3.499753127422e+00  ,1.329513547812e+01  ,1.350000000000e+01  
  1.472753315294e-04  ,4.999673882166e+00  ,3.464231594042e+00  ,3.499771717516e+00  ,1.329214611926e+01  ,1.350000000000e+01  
  1.472838922465e-04  ,4.999695031041e+00  ,3.496224926360e+00  ,3.499786521729e+00  ,1.329022651931e+01  ,1.350000000000e+01  
  1.472940965617e-04  ,4.999724389269e+00  ,3.534347632862e+00  ,3.499807072488e+00  ,1.328793915691e+01  ,1.350000000000e+01  
  1.473026036346e-04  ,4.999752277980e+00  ,3.566118621312e+00  ,3.499826594586e+00  ,1.328603289760e+01  ,1.350000000000e+01  
  1.473130657399e-04  ,4.999790810364e+00  ,3.605177353575e+00  ,3.499853567255e+00  ,1.328368937365e+01  ,1.350000000000e+01  
  1.473225160563e-04  ,4.999829600149e+00  ,3.640445781389e+00  ,3.499880720104e+00  ,1.328157326797e+01  ,1.350000000000e+01  
  1.473335593069e-04  ,4.999879700235e+00  ,3.681643439765e+00  ,3.499915790165e+00  ,1.327910140846e+01  ,1.350000000000e+01  
  1.473422809566e-04  ,4.999922880186e+00  ,3.714168317665e+00  ,3.499946016130e+00  ,1.327714991578e+01  ,1.350000000000e+01  
  1.473462714875e-04  ,4.999943697656e+00  ,3.729046355413e+00  ,3.499960588359e+00  ,1.327625723351e+01  ,1.350000000000e+01  
  1.473474104950e-04  ,4.999949761560e+00  ,3.733292554510e+00  ,3.499964833092e+00  ,1.327600246157e+01  ,1.350000000000e+01  
  1.473480248885e-04  ,4.999953054969e+00  ,3.735582927908e+00  ,3.499967138478e+00  ,1.327586503916e+01  ,1.350000000000e+01  
  1.473483909914e-04  ,4.999955024917e+00  ,3.736947683775e+00  ,3.499968517442e+00  ,1.327578315381e+01  ,1.350000000000e+01  
  1.473487375366e-04  ,4.999956894773e+00  ,3.738239515267e+00  ,3.499969826341e+00  ,1.327570564392e+01  ,1.350000000000e+01  
  1.473492242457e-04  ,4.999959529359e+00  ,3.740053814446e+00  ,3.499971670551e+00  ,1.327559678597e+01  ,1.350000000000e+01  
  1.473497004310e-04  ,4.999962116525e+00  ,3.741828852017e+00  ,3.499973481568e+00  ,1.327549028371e+01  ,1.350000000000e+01  
  1.473501594333e-04  ,4.999964619271e+00  ,3.743539808639e+00  ,3.499975233490e+00  ,1.327538762632e+01  ,1.350000000000e+01  
  1.473508804632e-04  ,4.999968568452e+00  ,3.746227428960e+00  ,3.499977997916e+00  ,1.327522636910e+01  ,1.350000000000e+01  
  1.473516620291e-04  ,4.999972873634e+00  ,3.749140614469e+00  ,3.499981011544e+00  ,1.327505157797e+01  ,1.350000000000e+01  
  1.473522350719e-04  ,4.999976046335e+00  ,3.751276503505e+00  ,3.499983232435e+00  ,1.327492342462e+01  ,1.350000000000e+01  
  1.473529012470e-04  ,4.999979751842e+00  ,3.753759465254e+00  ,3.499985826289e+00  ,1.327477444692e+01  ,1.350000000000e+01  
  1.473537986694e-04  ,4.999984772806e+00  ,3.757104233393e+00  ,3.499989340964e+00  ,1.327457376083e+01  ,1.350000000000e+01  
  1.473546680590e-04  ,4.999989668861e+00  ,3.760344414868e+00  ,3.499992768202e+00  ,1.327437934994e+01  ,1.350000000000e+01  
  1.473564068383e-04  ,4.999999555197e+00  ,3.766824464674e+00  ,3.499999688638e+00  ,1.327399054695e+01  ,1.350000000000e+01  
  1.473587668097e-04  ,5.000013174364e+00  ,3.775618893706e+00  ,3.500009222055e+00  ,1.327346288121e+01  ,1.350000000000e+01  
  1.473634867525e-04  ,5.000041105978e+00  ,3.793205443305e+00  ,3.500028774184e+00  ,1.327240768823e+01  ,1.350000000000e+01  
  1.473646667382e-04  ,5.000048233221e+00  ,3.797601599680e+00  ,3.500033763255e+00  ,1.327214391884e+01  ,1.350000000000e+01  
  1.473670267096e-04  ,5.000062660727e+00  ,3.806393334995e+00  ,3.500043862509e+00  ,1.327161641472e+01  ,1.350000000000e+01  
  1.473695401630e-04  ,5.000078280044e+00  ,3.815755998522e+00  ,3.500054796031e+00  ,1.327105465491e+01  ,1.350000000000e+01  
  1.473716740092e-04  ,5.000091745497e+00  ,3.823703932443e+00  ,3.500064221848e+00  ,1.327057777887e+01  ,1.350000000000e+01  
  1.473733978873e-04  ,5.000102761364e+00  ,3.830124398520e+00  ,3.500071932955e+00  ,1.327019255090e+01  ,1.350000000000e+01  
  1.473741821541e-04  ,5.000107813611e+00  ,3.833045210318e+00  ,3.500075469528e+00  ,1.327001730220e+01  ,1.350000000000e+01  
  1.473746322623e-04  ,5.000110724688e+00  ,3.834721491017e+00  ,3.500077507281e+00  ,1.326991672535e+01  ,1.350000000000e+01  
  1.473750710549e-04  ,5.000113570637e+00  ,3.836355603597e+00  ,3.500079499446e+00  ,1.326981867860e+01  ,1.350000000000e+01  
  1.473753556205e-04  ,5.000115420543e+00  ,3.837415343359e+00  ,3.500080794380e+00  ,1.326975509421e+01  ,1.350000000000e+01  
  1.473756781375e-04  ,5.000117521206e+00  ,3.838616402892e+00  ,3.500082264844e+00  ,1.326968303064e+01  ,1.350000000000e+01  
  1.473761058474e-04  ,5.000120313652e+00  ,3.840209180548e+00  ,3.500084219557e+00  ,1.326958746398e+01  ,1.350000000000e+01  
  1.473765710430e-04  ,5.000123359413e+00  ,3.841941525108e+00  ,3.500086351589e+00  ,1.326948352331e+01  ,1.350000000000e+01  
  1.473769646665e-04  ,5.000125943550e+00  ,3.843407318390e+00  ,3.500088160485e+00  ,1.326939557571e+01  ,1.350000000000e+01  
  1.473773201523e-04  ,5.000128282810e+00  ,3.844731074470e+00  ,3.500089797967e+00  ,1.326931615034e+01  ,1.350000000000e+01  
  1.473776210161e-04  ,5.000130266708e+00  ,3.845851415538e+00  ,3.500091186696e+00  ,1.326924892988e+01  ,1.350000000000e+01  
  1.473777772920e-04  ,5.000131298667e+00  ,3.846433342899e+00  ,3.500091909067e+00  ,1.326921401424e+01  ,1.350000000000e+01  
  1.473778344403e-04  ,5.000131676295e+00  ,3.846646146094e+00  ,3.500092173406e+00  ,1.326920124604e+01  ,1.350000000000e+01  
  1.473778623014e-04  ,5.000131860447e+00  ,3.846749892364e+00  ,3.500092302313e+00  ,1.326919502127e+01  ,1.350000000000e+01  
  1.473778938616e-04  ,5.000132069086e+00  ,3.846867412819e+00  ,3.500092448360e+00  ,1.326918797004e+01  ,1.350000000000e+01  
  1.473779204043e-04  ,5.000132244586e+00  ,3.846966249539e+00  ,3.500092571210e+00  ,1.326918203984e+01  ,1.350000000000e+01  
  1.473779438503e-04  ,5.000132399635e+00  ,3.847053555227e+00  ,3.500092679745e+00  ,1.326917680150e+01  ,1.350000000000e+01  
  1.473779651543e-04  ,5.000132540538e+00  ,3.847132884560e+00  ,3.500092778377e+00  ,1.326917204175e+01  ,1.350000000000e+01  
  1.473780077624e-04  ,5.000132822403e+00  ,3.847291543037e+00  ,3.500092975682e+00  ,1.326916252223e+01  ,1.350000000000e+01  
  1.473780553064e-04  ,5.000133137010e+00  ,3.847468581325e+00  ,3.500093195907e+00  ,1.326915189993e+01  ,1.350000000000e+01  
  1.473781154232e-04  ,5.000133534947e+00  ,3.847692436342e+00  ,3.500093474463e+00  ,1.326913846863e+01  ,1.350000000000e+01  
  1.473781652083e-04  ,5.000133864605e+00  ,3.847877818609e+00  ,3.500093705224e+00  ,1.326912734569e+01  ,1.350000000000e+01  
  1.473781945449e-04  ,5.000134058910e+00  ,3.847987058087e+00  ,3.500093841237e+00  ,1.326912079132e+01  ,1.350000000000e+01  
  1.473782259771e-04  ,5.000134267133e+00  ,3.848104100252e+00  ,3.500093986993e+00  ,1.326911376879e+01  ,1.350000000000e+01  
  1.473782379707e-04  ,5.000134346596e+00  ,3.848148760472e+00  ,3.500094042617e+00  ,1.326911108919e+01  ,1.350000000000e+01  
  1.473782481047e-04  ,5.000134413742e+00  ,3.848186495687e+00  ,3.500094089620e+00  ,1.326910882507e+01  ,1.350000000000e+01  
  1.473782599616e-04  ,5.000134492311e+00  ,3.848230646521e+00  ,3.500094144618e+00  ,1.326910617603e+01  ,1.350000000000e+01  
  1.473782836754e-04  ,5.000134649466e+00  ,3.848318948130e+00  ,3.500094254626e+00  ,1.326910087794e+01  ,1.350000000000e+01  
  1.473783186407e-04  ,5.000134881226e+00  ,3.848449146262e+00  ,3.500094416858e+00  ,1.326909306603e+01  ,1.350000000000e+01  
  1.473783580299e-04  ,5.000135142368e+00  ,3.848595816736e+00  ,3.500094599658e+00  ,1.326908426581e+01  ,1.350000000000e+01  
  1.473784215228e-04  ,5.000135563449e+00  ,3.848832240332e+00  ,3.500094894415e+00  ,1.326907008038e+01  ,1.350000000000e+01  
  1.473784926991e-04  ,5.000136035684e+00  ,3.849097273381e+00  ,3.500095224979e+00  ,1.326905417841e+01  ,1.350000000000e+01  
  1.473785855869e-04  ,5.000136652284e+00  ,3.849443150424e+00  ,3.500095656599e+00  ,1.326903342578e+01  ,1.350000000000e+01  
  1.473786577527e-04  ,5.000137131574e+00  ,3.849711866456e+00  ,3.500095992102e+00  ,1.326901730282e+01  ,1.350000000000e+01  
  1.473787253086e-04  ,5.000137580442e+00  ,3.849963415913e+00  ,3.500096306309e+00  ,1.326900220985e+01  ,1.350000000000e+01  
  1.473788604202e-04  ,5.000138478742e+00  ,3.850466512932e+00  ,3.500096935119e+00  ,1.326897202403e+01  ,1.350000000000e+01  
  1.473790047752e-04  ,5.000139439330e+00  ,3.851004025479e+00  ,3.500097607531e+00  ,1.326893977328e+01  ,1.350000000000e+01  
  1.473791249158e-04  ,5.000140050512e+00  ,3.850939527290e+00  ,3.500098035358e+00  ,-3.613260263970e-01  ,1.350000000000e+01  
  1.473791790897e-04  ,5.000140261127e+00  ,3.850829714299e+00  ,3.500098182789e+00  ,-4.012224396388e-01  ,1.350000000000e+01  
  1.473791945438e-04  ,5.000140314018e+00  ,3.850792569504e+00  ,3.500098219813e+00  ,-3.945007387024e-01  ,1.350000000000e+01  
  1.473792120527e-04  ,5.000140370677e+00  ,3.850749531456e+00  ,3.500098259474e+00  ,-3.943144890044e-01  ,1.350000000000e+01  
  1.473792343607e-04  ,5.000140438915e+00  ,3.850694282297e+00  ,3.500098307240e+00  ,-3.943498791580e-01  ,1.350000000000e+01  
  1.473792552864e-04  ,5.000140499602e+00  ,3.850642239218e+00  ,3.500098349721e+00  ,-3.943478347480e-01  ,1.350000000000e+01  
  1.473792924404e-04  ,5.000140602774e+00  ,3.850549835757e+00  ,3.500098421942e+00  ,-3.943368565563e-01  ,1.350000000000e+01  
  1.473793271147e-04  ,5.000140695052e+00  ,3.850463599450e+00  ,3.500098486536e+00  ,-3.943282785902e-01  ,1.350000000000e+01  
  1.473793874993e-04  ,5.000140851794e+00  ,3.850313420980e+00  ,3.500098596256e+00  ,-3.943132363324e-01  ,1.350000000000e+01  
  1.473794512949e-04  ,5.000141014347e+00  ,3.850154759856e+00  ,3.500098710043e+00  ,-3.942973583562e-01  ,1.350000000000e+01  
  1.473795079542e-04  ,5.000141157409e+00  ,3.850013847232e+00  ,3.500098810187e+00  ,-3.942832521781e-01  ,1.350000000000e+01  
  1.473795413130e-04  ,5.000141241333e+00  ,3.849930883572e+00  ,3.500098868933e+00  ,-3.942749337601e-01  ,1.350000000000e+01  
  1.473795607340e-04  ,5.000141290137e+00  ,3.849882583474e+00  ,3.500098903096e+00  ,-3.942700774324e-01  ,1.350000000000e+01  
  1.473795659996e-04  ,5.000141303366e+00  ,3.849869487881e+00  ,3.500098912356e+00  ,-3.942687176466e-01  ,1.350000000000e+01  
  1.473795739493e-04  ,5.000141323336e+00  ,3.849849716927e+00  ,3.500098926335e+00  ,-3.942667303079e-01  ,1.350000000000e+01  
  1.473795898488e-04  ,5.000141363268e+00  ,3.849810175043e+00  ,3.500098954288e+00  ,-3.942628087467e-01  ,1.350000000000e+01  
  1.473796216476e-04  ,5.000141443113e+00  ,3.849731091378e+00  ,3.500099010179e+00  ,-3.942549162597e-01  ,1.350000000000e+01  
  1.473796439790e-04  ,5.000141499171e+00  ,3.849675553388e+00  ,3.500099049420e+00  ,-3.942493553947e-01  ,1.350000000000e+01  
  1.473796654983e-04  ,5.000141553178e+00  ,3.849622034893e+00  ,3.500099087225e+00  ,-3.942439781450e-01  ,1.350000000000e+01  
  1.473797085371e-04  ,5.000141661147e+00  ,3.849514998091e+00  ,3.500099162803e+00  ,-3.942332965027e-01  ,1.350000000000e+01  
  1.473797434384e-04  ,5.000141748658e+00  ,3.849428199158e+00  ,3.500099224060e+00  ,-3.942246136866e-01  ,1.350000000000e+01  
  1.473797731476e-04  ,5.000141823117e+00  ,3.849354313070e+00  ,3.500099276182e+00  ,-3.942172089492e-01  ,1.350000000000e+01  
  1.473798009621e-04  ,5.000141892800e+00  ,3.849285139065e+00  ,3.500099324960e+00  ,-3.942102795884e-01  ,1.350000000000e+01  
  1.473798429124e-04  ,5.000141997844e+00  ,3.849180810068e+00  ,3.500099398491e+00  ,-3.941998537396e-01  ,1.350000000000e+01  
  1.473798870978e-04  ,5.000142108419e+00  ,3.849070922518e+00  ,3.500099475893e+00  ,-3.941889246135e-01  ,1.350000000000e+01  
  1.473799656549e-04  ,5.000142304839e+00  ,3.848875554653e+00  ,3.500099613387e+00  ,-3.941694189204e-01  ,1.350000000000e+01  
  1.473800521864e-04  ,5.000142520944e+00  ,3.848660355653e+00  ,3.500099764660e+00  ,-3.941478446585e-01  ,1.350000000000e+01  
  1.473801939570e-04  ,5.000142874426e+00  ,3.848307782367e+00  ,3.500100012098e+00  ,-3.941125481193e-01  ,1.350000000000e+01  
  1.473803964963e-04  ,5.000143378182e+00  ,3.847804086124e+00  ,3.500100364727e+00  ,-3.940621401389e-01  ,1.350000000000e+01  
  1.473805585930e-04  ,5.000143780296e+00  ,3.847400970978e+00  ,3.500100646207e+00  ,-3.940218208182e-01  ,1.350000000000e+01  
  1.473807059516e-04  ,5.000144145037e+00  ,3.847034510996e+00  ,3.500100901526e+00  ,-3.939851679869e-01  ,1.350000000000e+01  
  1.473809748244e-04  ,5.000144808558e+00  ,3.846365869471e+00  ,3.500101365991e+00  ,-3.939182566772e-01  ,1.350000000000e+01  
  1.473812559441e-04  ,5.000145499554e+00  ,3.845666782391e+00  ,3.500101849688e+00  ,-3.938482688342e-01  ,1.350000000000e+01  
  1.473818181835e-04  ,5.000146873132e+00  ,3.844268640148e+00  ,3.500102811193e+00  ,-3.937083650010e-01  ,1.350000000000e+01  
  1.473825616583e-04  ,5.000148672283e+00  ,3.842419878329e+00  ,3.500104070598e+00  ,-3.935233765184e-01  ,1.350000000000e+01  
  1.473831221283e-04  ,5.000150015656e+00  ,3.841026234842e+00  ,3.500105010959e+00  ,-3.933839237740e-01  ,1.350000000000e+01  
  1.473835918874e-04  ,5.000151133065e+00  ,3.839858182049e+00  ,3.500105793146e+00  ,-3.932670310843e-01  ,1.350000000000e+01  
  1.473839798764e-04  ,5.000152058748e+00  ,3.838909616480e+00  ,3.500106441124e+00  ,-2.602225975882e-01  ,1.350000000000e+01  
  1.473842980627e-04  ,5.000152825521e+00  ,3.838150595540e+00  ,3.500106977865e+00  ,-1.122495496704e-01  ,1.350000000000e+01  
  1.473845088676e-04  ,5.000153335535e+00  ,3.837651765610e+00  ,3.500107334874e+00  ,-1.121903168066e-01  ,1.350000000000e+01  
  1.473846393226e-04  ,5.000153651202e+00  ,3.837343788776e+00  ,3.500107555842e+00  ,-1.121929134116e-01  ,1.350000000000e+01  
  1.473849002326e-04  ,5.000154281367e+00  ,3.836728387551e+00  ,3.500107996957e+00  ,-1.121756646744e-01  ,1.350000000000e+01  
  1.473852525985e-04  ,5.000155128750e+00  ,3.835897277393e+00  ,3.500108590125e+00  ,-1.121517549949e-01  ,1.350000000000e+01  
  1.473859573303e-04  ,5.000156811038e+00  ,3.834235076080e+00  ,3.500109767726e+00  ,-1.121042023904e-01  ,1.350000000000e+01  
  1.473866345881e-04  ,5.000158412116e+00  ,3.832637699670e+00  ,3.500110888481e+00  ,-1.120585430882e-01  ,1.350000000000e+01  
  1.473874512648e-04  ,5.000160322450e+00  ,3.830711521538e+00  ,3.500112225715e+00  ,-1.120034695378e-01  ,1.350000000000e+01  
  1.473880433066e-04  ,5.000161693451e+00  ,3.829315178995e+00  ,3.500113185416e+00  ,-1.119635466283e-01  ,1.350000000000e+01  
  1.473884821458e-04  ,5.000162702167e+00  ,3.828280179362e+00  ,3.500113891517e+00  ,-1.119339549383e-01  ,1.350000000000e+01  
  1.473889418001e-04  ,5.000163751878e+00  ,3.827196098076e+00  ,3.500114626315e+00  ,-1.119029604491e-01  ,1.350000000000e+01  
  1.473893085083e-04  ,5.000164584315e+00  ,3.826331234965e+00  ,3.500115209020e+00  ,-1.118782327365e-01  ,1.350000000000e+01  
  1.473897183834e-04  ,5.000165509479e+00  ,3.825364573238e+00  ,3.500115856635e+00  ,-1.118505885061e-01  ,1.350000000000e+01  
  1.473903895876e-04  ,5.000167012540e+00  ,3.823781603567e+00  ,3.500116908778e+00  ,-1.118053308598e-01  ,1.350000000000e+01  
  1.473911222590e-04  ,5.000168636310e+00  ,3.822053695550e+00  ,3.500118045417e+00  ,-1.117559264883e-01  ,1.350000000000e+01  
  1.473917563034e-04  ,5.000170027258e+00  ,3.820558408447e+00  ,3.500119019080e+00  ,-1.117131731042e-01  ,1.350000000000e+01  
  1.473923350273e-04  ,5.000171285331e+00  ,3.819193603514e+00  ,3.500119899732e+00  ,-1.116741504239e-01  ,1.350000000000e+01  
  1.473928795716e-04  ,5.000172459087e+00  ,3.817909419844e+00  ,3.500120721361e+00  ,-1.116374328596e-01  ,1.350000000000e+01  
  1.473934102392e-04  ,5.000173593601e+00  ,3.816657975805e+00  ,3.500121515521e+00  ,-1.116016509325e-01  ,1.350000000000e+01  
  1.473940532243e-04  ,5.000174955931e+00  ,3.815141678906e+00  ,3.500122469152e+00  ,-1.115582975041e-01  ,1.350000000000e+01  
  1.473947445451e-04  ,5.000176405647e+00  ,3.813511419768e+00  ,3.500123483953e+00  ,-1.115116846491e-01  ,1.350000000000e+01  
  1.473958889542e-04  ,5.000178771398e+00  ,3.810812750023e+00  ,3.500125139979e+00  ,-1.114345250748e-01  ,1.350000000000e+01  
  1.473967622554e-04  ,5.000180548166e+00  ,3.808753434234e+00  ,3.500126383716e+00  ,-1.113756464452e-01  ,1.350000000000e+01  
  1.473972284755e-04  ,5.000181486613e+00  ,3.807654065028e+00  ,3.500127040629e+00  ,-1.113442146742e-01  ,1.350000000000e+01  
  1.473973764859e-04  ,5.000181783072e+00  ,3.807305051670e+00  ,3.500127248150e+00  ,-1.113342339168e-01  ,1.350000000000e+01  
  1.473974520628e-04  ,5.000181934177e+00  ,3.807126839525e+00  ,3.500127353924e+00  ,-1.113291361413e-01  ,1.350000000000e+01  
  1.473975242519e-04  ,5.000182078337e+00  ,3.806956615904e+00  ,3.500127454836e+00  ,-1.113242673027e-01  ,1.350000000000e+01  
  1.473976232631e-04  ,5.000182275786e+00  ,3.806723145625e+00  ,3.500127593050e+00  ,-1.113175915001e-01  ,1.350000000000e+01  
  1.473978212856e-04  ,5.000182669737e+00  ,3.806256206572e+00  ,3.500127868816e+00  ,-1.113042416348e-01  ,1.350000000000e+01  
  1.473982173305e-04  ,5.000183453852e+00  ,3.805322334487e+00  ,3.500128417696e+00  ,-1.112775401441e-01  ,1.350000000000e+01  
  1.473990094204e-04  ,5.000185006954e+00  ,3.803454614401e+00  ,3.500129504868e+00  ,-1.112241460387e-01  ,1.350000000000e+01  
  1.473997527089e-04  ,5.000186446059e+00  ,3.801701995289e+00  ,3.500130512241e+00  ,-1.111740314061e-01  ,1.350000000000e+01  
  1.474004620042e-04  ,5.000187802851e+00  ,3.800029556168e+00  ,3.500131461996e+00  ,-1.111262131020e-01  ,1.350000000000e+01  
  1.474009966765e-04  ,5.000188814979e+00  ,3.798768875589e+00  ,3.500132170486e+00  ,-1.110901678919e-01  ,1.350000000000e+01  
  1.474014855277e-04  ,5.000189732383e+00  ,3.797616247338e+00  ,3.500132812668e+00  ,-1.110572120936e-01  ,1.350000000000e+01  
  1.474019374520e-04  ,5.000190573712e+00  ,3.796550697438e+00  ,3.500133401599e+00  ,-1.110267460285e-01  ,1.350000000000e+01  
  1.474024289109e-04  ,5.000191481260e+00  ,3.795391944384e+00  ,3.500134036882e+00  ,-1.109936153097e-01  ,1.350000000000e+01  
  1.474028275635e-04  ,5.000192211790e+00  ,3.794452017442e+00  ,3.500134548253e+00  ,-1.109667408291e-01  ,1.350000000000e+01  
  1.474032644004e-04  ,5.000193006497e+00  ,3.793422070638e+00  ,3.500135104548e+00  ,-1.109372930580e-01  ,1.350000000000e+01  
  1.474039208897e-04  ,5.000194189427e+00  ,3.791874259373e+00  ,3.500135932599e+00  ,-1.108930371285e-01  ,1.350000000000e+01  
  1.474046453655e-04  ,5.000195479026e+00  ,3.790166181195e+00  ,3.500136835318e+00  ,-1.108441999400e-01  ,1.350000000000e+01  
  1.474052081637e-04  ,5.000196469388e+00  ,3.788839304739e+00  ,3.500137528572e+00  ,-1.108062617654e-01  ,1.350000000000e+01  
  1.474059153170e-04  ,5.000197699608e+00  ,3.787172113973e+00  ,3.500138389725e+00  ,-1.107585936162e-01  ,1.350000000000e+01  
  1.474066600956e-04  ,5.000198978266e+00  ,3.785416244884e+00  ,3.500139284786e+00  ,-1.107083891378e-01  ,1.350000000000e+01  
  1.474073849440e-04  ,5.000200205964e+00  ,3.783707390236e+00  ,3.500140144175e+00  ,-1.106595264363e-01  ,1.350000000000e+01  
  1.474088346407e-04  ,5.000202611970e+00  ,3.780289761817e+00  ,3.500141828379e+00  ,-1.105618091282e-01  ,1.350000000000e+01  
  1.474102558390e-04  ,5.000204906932e+00  ,3.776939422628e+00  ,3.500143434852e+00  ,-1.104660182919e-01  ,1.350000000000e+01  
  1.474118543610e-04  ,5.000207413157e+00  ,3.773171183398e+00  ,3.500145189210e+00  ,-1.103582755786e-01  ,1.350000000000e+01  
  1.474132001221e-04  ,5.000209461651e+00  ,3.769998886133e+00  ,3.500146623155e+00  ,-1.102675715616e-01  ,1.350000000000e+01  
  1.474142880932e-04  ,5.000211076802e+00  ,3.767434332934e+00  ,3.500147753761e+00  ,-1.101942445445e-01  ,1.350000000000e+01  
  1.474151938044e-04  ,5.000212393534e+00  ,3.765299446972e+00  ,3.500148675474e+00  ,-1.101332044284e-01  ,1.350000000000e+01  
  1.474157454267e-04  ,5.000213183115e+00  ,3.763999217808e+00  ,3.500149228180e+00  ,-1.100960289625e-01  ,1.350000000000e+01  
  1.474163677365e-04  ,5.000214062654e+00  ,3.762532390180e+00  ,3.500149843857e+00  ,-1.100540896886e-01  ,1.350000000000e+01  
  1.474167367265e-04  ,5.000214578551e+00  ,3.761662664317e+00  ,3.500150204986e+00  ,-1.100292200605e-01  ,1.350000000000e+01  
  1.474171891630e-04  ,5.000215205424e+00  ,3.760596260889e+00  ,3.500150643796e+00  ,-1.099987276534e-01  ,1.350000000000e+01  
  1.474177536376e-04  ,5.000215978745e+00  ,3.759265795787e+00  ,3.500151185121e+00  ,-1.099606888114e-01  ,1.350000000000e+01  
  1.474183424197e-04  ,5.000216774984e+00  ,3.757878055394e+00  ,3.500151742489e+00  ,-1.099210119064e-01  ,1.350000000000e+01  
  1.474195199840e-04  ,5.000218335740e+00  ,3.755102628119e+00  ,3.500152835018e+00  ,-1.098416534526e-01  ,1.350000000000e+01  
  1.474199386135e-04  ,5.000218880413e+00  ,3.754115968185e+00  ,3.500153216289e+00  ,-1.098134429635e-01  ,1.350000000000e+01  
  1.474203537505e-04  ,5.000219415276e+00  ,3.753137548469e+00  ,3.500153590693e+00  ,-1.097854676324e-01  ,1.350000000000e+01  
  1.474207925897e-04  ,5.000219974981e+00  ,3.752103275736e+00  ,3.500153982487e+00  ,-1.097558953380e-01  ,1.350000000000e+01  
  1.474212943863e-04  ,5.000220607816e+00  ,3.750920634769e+00  ,3.500154425471e+00  ,-1.097220808139e-01  ,1.350000000000e+01  
  1.474217384875e-04  ,5.000221161519e+00  ,3.749873981987e+00  ,3.500154813063e+00  ,-1.096921545560e-01  ,1.350000000000e+01  
  1.474222336717e-04  ,5.000221771866e+00  ,3.748706949223e+00  ,3.500155240306e+00  ,-1.096587863281e-01  ,1.350000000000e+01  
  1.474229429670e-04  ,5.000222633194e+00  ,3.747035329031e+00  ,3.500155843236e+00  ,-1.096109907840e-01  ,1.350000000000e+01  
  1.474236391306e-04  ,5.000223463792e+00  ,3.745394681836e+00  ,3.500156424655e+00  ,-1.095640807742e-01  ,1.350000000000e+01  
  1.474242117077e-04  ,5.000224135976e+00  ,3.744045309384e+00  ,3.500156895183e+00  ,-1.095254989476e-01  ,1.350000000000e+01  
  1.474247391157e-04  ,5.000224746389e+00  ,3.742802400419e+00  ,3.500157322473e+00  ,-1.094899611625e-01  ,1.350000000000e+01  
  1.474252875716e-04  ,5.000225372278e+00  ,3.741509904427e+00  ,3.500157760595e+00  ,-1.094530054836e-01  ,1.350000000000e+01  
  1.474256821264e-04  ,5.000225816944e+00  ,3.740580102625e+00  ,3.500158071861e+00  ,-1.094264201995e-01  ,1.350000000000e+01  
  1.474261206396e-04  ,5.000226305663e+00  ,3.739546718488e+00  ,3.500158413964e+00  ,-1.093968732485e-01  ,1.350000000000e+01  
  1.474268883288e-04  ,5.000227147354e+00  ,3.737737634264e+00  ,3.500159003148e+00  ,-1.093451473165e-01  ,1.350000000000e+01  
  1.474276568562e-04  ,5.000227972269e+00  ,3.735926605251e+00  ,3.500159580588e+00  ,-1.092933655021e-01  ,1.350000000000e+01  
  1.474287168876e-04  ,5.000229081091e+00  ,3.733428699314e+00  ,3.500160356764e+00  ,-1.092219444414e-01  ,1.350000000000e+01  
  1.474297655568e-04  ,5.000230145006e+00  ,3.730957624655e+00  ,3.500161101504e+00  ,-1.091512902488e-01  ,1.350000000000e+01  
  1.474318628952e-04  ,5.000232174636e+00  ,3.726015645567e+00  ,3.500162522245e+00  ,-1.090099870087e-01  ,1.350000000000e+01  
  1.474347850129e-04  ,5.000234784965e+00  ,3.719130609598e+00  ,3.500164349475e+00  ,-1.088131265972e-01  ,1.350000000000e+01  
  1.474406292483e-04  ,5.000239252422e+00  ,3.705361861485e+00  ,3.500167476696e+00  ,-1.084194427992e-01  ,1.350000000000e+01  
  1.474523177192e-04  ,5.000245213035e+00  ,3.677829670112e+00  ,3.500171649124e+00  ,-1.076322232785e-01  ,1.350000000000e+01  
  1.474670415566e-04  ,5.000247166835e+00  ,3.643157765201e+00  ,3.500173016784e+00  ,-1.066408534265e-01  ,1.350000000000e+01  
  1.474814211771e-04  ,5.000243193189e+00  ,3.609307317748e+00  ,3.500170235232e+00  ,-1.056729641135e-01  ,1.350000000000e+01  
  1.474933137939e-04  ,5.000235576068e+00  ,3.581319572018e+00  ,3.500164903248e+00  ,-1.048727020788e-01  ,1.350000000000e+01  
  1.475020816371e-04  ,5.000227476240e+00  ,3.560690316994e+00  ,3.500159233368e+00  ,-1.042828403036e-01  ,1.350000000000e+01  
  1.475104918525e-04  ,5.000217743995e+00  ,3.540906286881e+00  ,3.500152420797e+00  ,-1.037171438178e-01  ,1.350000000000e+01  
  1.475191643283e-04  ,5.000205706755e+00  ,3.520509209511e+00  ,3.500143994728e+00  ,-1.031339153586e-01  ,1.350000000000e+01  
  1.475263735101e-04  ,5.000194166794e+00  ,3.503556714069e+00  ,3.500135916756e+00  ,-1.026491782417e-01  ,1.350000000000e+01  
  1.475343396709e-04  ,5.000179800886e+00  ,3.484827356770e+00  ,3.500125860620e+00  ,-1.021136314934e-01  ,1.350000000000e+01  
  1.475478907869e-04  ,5.000151496403e+00  ,3.452974833395e+00  ,3.500106047482e+00  ,-1.012028357653e-01  ,1.350000000000e+01  
  1.475620379493e-04  ,5.000116769147e+00  ,3.419731646227e+00  ,3.500081738403e+00  ,-1.002522675581e-01  ,1.350000000000e+01  
  1.475742434904e-04  ,5.000082584784e+00  ,3.391059447434e+00  ,3.500057809349e+00  ,-9.943239755412e-02  ,1.350000000000e+01  
  1.475846772835e-04  ,5.000050271094e+00  ,3.366555571073e+00  ,3.500035189766e+00  ,-9.873171427290e-02  ,1.350000000000e+01  
  1.475911369369e-04  ,5.000028840510e+00  ,3.351387913385e+00  ,3.500020188357e+00  ,-9.829799586310e-02  ,1.350000000000e+01  
  1.475960342035e-04  ,5.000011868527e+00  ,3.339890319005e+00  ,3.500008307969e+00  ,-9.796922157752e-02  ,1.350000000000e+01  
  1.476053787217e-04  ,4.999977753823e+00  ,3.317955215353e+00  ,3.499984427676e+00  ,-9.734198354862e-02  ,1.350000000000e+01  
  1.476174128995e-04  ,4.999930481250e+00  ,3.289713360578e+00  ,3.499951336875e+00  ,-9.653439772386e-02  ,1.350000000000e+01  
  1.476374132380e-04  ,4.999843620083e+00  ,3.242793696624e+00  ,3.499890534058e+00  ,-9.519269910402e-02  ,1.350000000000e+01  
  1.476399132803e-04  ,4.999832035276e+00  ,3.236930252293e+00  ,3.499882424693e+00  ,-9.502502894085e-02  ,1.350000000000e+01  
  1.476449133650e-04  ,4.999808381610e+00  ,3.225204374760e+00  ,3.499865867127e+00  ,-9.468971648925e-02  ,1.350000000000e+01  
  1.476461633861e-04  ,4.999802367377e+00  ,3.222273116108e+00  ,3.499861657164e+00  ,-9.460589438831e-02  ,1.350000000000e+01  
  1.476486634285e-04  ,4.999790217990e+00  ,3.216410851865e+00  ,3.499853152593e+00  ,-9.443825688142e-02  ,1.350000000000e+01  
  1.476536635131e-04  ,4.999765435804e+00  ,3.204687336502e+00  ,3.499835805063e+00  ,-9.410300993187e-02  ,1.350000000000e+01  
  1.476573586285e-04  ,4.999746707523e+00  ,3.196024403276e+00  ,3.499822695266e+00  ,-9.385528308326e-02  ,1.350000000000e+01  
  1.476596880526e-04  ,4.999734720331e+00  ,3.190563615282e+00  ,3.499814304232e+00  ,-9.369912516209e-02  ,1.350000000000e+01  
  1.476612513706e-04  ,4.999726597145e+00  ,3.186898947600e+00  ,3.499808618001e+00  ,-9.359432945675e-02  ,1.350000000000e+01  
  1.476620999918e-04  ,4.999722161255e+00  ,3.184909699308e+00  ,3.499805512878e+00  ,-9.353744468445e-02  ,1.350000000000e+01  
  1.476628667496e-04  ,4.999718137334e+00  ,3.183112379774e+00  ,3.499802696134e+00  ,-9.348604815754e-02  ,1.350000000000e+01  
  1.476632138070e-04  ,4.999716311012e+00  ,3.182298870111e+00  ,3.499801417708e+00  ,-9.346278577305e-02  ,1.350000000000e+01  
  1.476633643553e-04  ,4.999715517816e+00  ,3.181945983807e+00  ,3.499800862471e+00  ,-9.345269699522e-02  ,1.350000000000e+01  
  1.476634327609e-04  ,4.999715157213e+00  ,3.181785640884e+00  ,3.499800610049e+00  ,-9.344811644222e-02  ,1.350000000000e+01  
  1.476634982213e-04  ,4.999714812024e+00  ,3.181632202004e+00  ,3.499800368417e+00  ,-9.344373007802e-02  ,1.350000000000e+01  
  1.476636240197e-04  ,4.999714148349e+00  ,3.181337331495e+00  ,3.499799903844e+00  ,-9.343529393984e-02  ,1.350000000000e+01  
  1.476638756165e-04  ,4.999712819774e+00  ,3.180747593049e+00  ,3.499798973842e+00  ,-9.341842713917e-02  ,1.350000000000e+01  
  1.476640667006e-04  ,4.999711809652e+00  ,3.180299697559e+00  ,3.499798266757e+00  ,-9.340561876481e-02  ,1.350000000000e+01  
  1.476642413236e-04  ,4.999710885726e+00  ,3.179890388192e+00  ,3.499797620008e+00  ,-9.339391452657e-02  ,1.350000000000e+01  
  1.476645299870e-04  ,4.999709356694e+00  ,3.179213776144e+00  ,3.499796549686e+00  ,-9.337456445602e-02  ,1.350000000000e+01  
  1.476650104563e-04  ,4.999706806922e+00  ,3.178087591106e+00  ,3.499794764845e+00  ,-9.334235890362e-02  ,1.350000000000e+01  
  1.476656515788e-04  ,4.999703395336e+00  ,3.176584866300e+00  ,3.499792376735e+00  ,-9.329938547446e-02  ,1.350000000000e+01  
  1.476661740507e-04  ,4.999700585669e+00  ,3.175322015098e+00  ,3.499790409969e+00  ,-3.266294126838e-01  ,1.350000000000e+01  
  1.476664432961e-04  ,4.999699129170e+00  ,3.174664621137e+00  ,3.499789390419e+00  ,-3.267296277092e-01  ,1.350000000000e+01  
  1.476665117716e-04  ,4.999698757989e+00  ,3.174496956299e+00  ,3.499789130593e+00  ,-3.266820083523e-01  ,1.350000000000e+01  
  1.476665503574e-04  ,4.999698548733e+00  ,3.174402437712e+00  ,3.499788984113e+00  ,-3.266722243173e-01  ,1.350000000000e+01  
  1.476665959806e-04  ,4.999698301248e+00  ,3.174290670008e+00  ,3.499788810873e+00  ,-3.266610347104e-01  ,1.350000000000e+01  
  1.476666872269e-04  ,4.999697806098e+00  ,3.174067128275e+00  ,3.499788464269e+00  ,-3.266386229972e-01  ,1.350000000000e+01  
  1.476668697196e-04  ,4.999696815113e+00  ,3.173620038642e+00  ,3.499787770579e+00  ,-3.265939730550e-01  ,1.350000000000e+01  
  1.476671838547e-04  ,4.999695107170e+00  ,3.172850448174e+00  ,3.499786575019e+00  ,-3.265169276342e-01  ,1.350000000000e+01  
  1.476674113768e-04  ,4.999693868476e+00  ,3.172293056771e+00  ,3.499785707934e+00  ,-3.264611230609e-01  ,1.350000000000e+01  
  1.476676287242e-04  ,4.999692683872e+00  ,3.171760598278e+00  ,3.499784878710e+00  ,-3.264078198655e-01  ,1.350000000000e+01  
  1.476679911484e-04  ,4.999690705721e+00  ,3.170872744466e+00  ,3.499783494005e+00  ,-3.263189630854e-01  ,1.350000000000e+01  
  1.476683966928e-04  ,4.999688488012e+00  ,3.169879277450e+00  ,3.499781941609e+00  ,-3.262195622919e-01  ,1.350000000000e+01  
  1.476691249870e-04  ,4.999684494215e+00  ,3.168095222517e+00  ,3.499779145950e+00  ,-3.260410077548e-01  ,1.350000000000e+01  
  1.476697072499e-04  ,4.999681290924e+00  ,3.166668943099e+00  ,3.499776903647e+00  ,-3.258982528216e-01  ,1.350000000000e+01  
  1.476700353549e-04  ,4.999679481842e+00  ,3.165865255446e+00  ,3.499775637289e+00  ,-3.258178113185e-01  ,1.350000000000e+01  
  1.476703502350e-04  ,4.999677742946e+00  ,3.165093975463e+00  ,3.499774420062e+00  ,-3.257406305559e-01  ,1.350000000000e+01  
  1.476704341588e-04  ,4.999677279034e+00  ,3.164888411437e+00  ,3.499774095324e+00  ,-3.257200757095e-01  ,1.350000000000e+01  
  1.476705534613e-04  ,4.999676619228e+00  ,3.164596192235e+00  ,3.499773633460e+00  ,-3.256908353899e-01  ,1.350000000000e+01  
  1.476707920661e-04  ,4.999675298466e+00  ,3.164011759647e+00  ,3.499772708926e+00  ,-3.256323112112e-01  ,1.350000000000e+01  
  1.476712692758e-04  ,4.999672652337e+00  ,3.162842917736e+00  ,3.499770856636e+00  ,-3.255153375372e-01  ,1.350000000000e+01  
  1.476720490722e-04  ,4.999668315144e+00  ,3.160933009220e+00  ,3.499767820601e+00  ,-3.253241893291e-01  ,1.350000000000e+01  
  1.476726718476e-04  ,4.999664839519e+00  ,3.159407742275e+00  ,3.499765387663e+00  ,-3.251715353603e-01  ,1.350000000000e+01  
  1.476729619080e-04  ,4.999663217161e+00  ,3.158697360444e+00  ,3.499764252012e+00  ,-3.251004443972e-01  ,1.350000000000e+01  
  1.476730379039e-04  ,4.999662791728e+00  ,3.158511242070e+00  ,3.499763954209e+00  ,-3.250818278070e-01  ,1.350000000000e+01  
  1.476730773978e-04  ,4.999662570575e+00  ,3.158414519558e+00  ,3.499763799402e+00  ,-3.250721623325e-01  ,1.350000000000e+01  
  1.476731360828e-04  ,4.999662241880e+00  ,3.158270797569e+00  ,3.499763569316e+00  ,-3.250577775828e-01  ,1.350000000000e+01  
  1.476732534527e-04  ,4.999661584214e+00  ,3.157983354997e+00  ,3.499763108950e+00  ,-3.250290056721e-01  ,1.350000000000e+01  
  1.476734881926e-04  ,4.999660267769e+00  ,3.157408475483e+00  ,3.499762187438e+00  ,-3.249714621878e-01  ,1.350000000000e+01  
  1.476737522691e-04  ,4.999658785024e+00  ,3.156761759258e+00  ,3.499761149517e+00  ,-3.249067437020e-01  ,1.350000000000e+01  
  1.476742264985e-04  ,4.999656117588e+00  ,3.155600408035e+00  ,3.499759282311e+00  ,-3.247904905172e-01  ,1.350000000000e+01  
  1.476747170261e-04  ,4.999653352099e+00  ,3.154399176151e+00  ,3.499757346470e+00  ,-3.246702727463e-01  ,1.350000000000e+01  
  1.476752159356e-04  ,4.999650532704e+00  ,3.153177451811e+00  ,3.499755372893e+00  ,-3.245479994442e-01  ,1.350000000000e+01  
  1.476756425279e-04  ,4.999648116662e+00  ,3.152132843957e+00  ,3.499753681664e+00  ,-3.244434520852e-01  ,1.350000000000e+01  
  1.476760283749e-04  ,4.999645927162e+00  ,3.151188031703e+00  ,3.499752149013e+00  ,-3.243488923786e-01  ,1.350000000000e+01  
  1.476763442795e-04  ,4.999644131564e+00  ,3.150414500299e+00  ,3.499750892095e+00  ,-3.242714744383e-01  ,1.350000000000e+01  
  1.476766430478e-04  ,4.999642430896e+00  ,3.149682941836e+00  ,3.499749701627e+00  ,-3.241982556352e-01  ,1.350000000000e+01  
  1.476771496873e-04  ,4.999639541472e+00  ,3.148442421628e+00  ,3.499747679031e+00  ,-3.240739810223e-01  ,1.350000000000e+01  
  1.476775428917e-04  ,4.999638205698e+00  ,3.149173984031e+00  ,3.499746743989e+00  ,1.329817661866e+01  ,1.350000000000e+01  
  1.476777226369e-04  ,4.999637824738e+00  ,3.149766998503e+00  ,3.499746477316e+00  ,1.331381084956e+01  ,1.350000000000e+01  
  1.476777739062e-04  ,4.999637736248e+00  ,3.149955029669e+00  ,3.499746415373e+00  ,1.331101300454e+01  ,1.350000000000e+01  
  1.476778518463e-04  ,4.999637608806e+00  ,3.150244849430e+00  ,3.499746326164e+00  ,1.331098142480e+01  ,1.350000000000e+01  
  1.476780077264e-04  ,4.999637362226e+00  ,3.150827363076e+00  ,3.499746153559e+00  ,1.331095035364e+01  ,1.350000000000e+01  
  1.476781167959e-04  ,4.999637192538e+00  ,3.151235897195e+00  ,3.499746034777e+00  ,1.331092586233e+01  ,1.350000000000e+01  
  1.476782221518e-04  ,4.999637029413e+00  ,3.151630773274e+00  ,3.499745920589e+00  ,1.331090216859e+01  ,1.350000000000e+01  
  1.476783986374e-04  ,4.999636757155e+00  ,3.152292370153e+00  ,3.499745730009e+00  ,1.331086247276e+01  ,1.350000000000e+01  
  1.476787006188e-04  ,4.999636294623e+00  ,3.153424490991e+00  ,3.499745406236e+00  ,1.331079454551e+01  ,1.350000000000e+01  
  1.476790210868e-04  ,4.999635808695e+00  ,3.154625941952e+00  ,3.499745066087e+00  ,1.331072245845e+01  ,1.350000000000e+01  
  1.476796620230e-04  ,4.999634852204e+00  ,3.157028825099e+00  ,3.499744396543e+00  ,1.331057828546e+01  ,1.350000000000e+01  
  1.476804264526e-04  ,4.999633738101e+00  ,3.159894626460e+00  ,3.499743616670e+00  ,1.331040633738e+01  ,1.350000000000e+01  
  1.476810653399e-04  ,4.999632829184e+00  ,3.162289720093e+00  ,3.499742980429e+00  ,1.331026263176e+01  ,1.350000000000e+01  
  1.476815820377e-04  ,4.999632108873e+00  ,3.164226703776e+00  ,3.499742476211e+00  ,1.331014641274e+01  ,1.350000000000e+01  
  1.476818192455e-04  ,4.999631782610e+00  ,3.165115930695e+00  ,3.499742247827e+00  ,1.331009305912e+01  ,1.350000000000e+01  
  1.476819069878e-04  ,4.999631662631e+00  ,3.165444850216e+00  ,3.499742163841e+00  ,1.331007332395e+01  ,1.350000000000e+01  
  1.476819990839e-04  ,4.999631537107e+00  ,3.165790090215e+00  ,3.499742075975e+00  ,1.331005260955e+01  ,1.350000000000e+01  
  1.476821832762e-04  ,4.999631287315e+00  ,3.166480566763e+00  ,3.499741901121e+00  ,1.331001118096e+01  ,1.350000000000e+01  
  1.476824485169e-04  ,4.999630930550e+00  ,3.167474858869e+00  ,3.499741651385e+00  ,1.330995152343e+01  ,1.350000000000e+01  
  1.476829260991e-04  ,4.999630296913e+00  ,3.169265119180e+00  ,3.499741207839e+00  ,1.330984410781e+01  ,1.350000000000e+01  
  1.476834377677e-04  ,4.999629630511e+00  ,3.171183121133e+00  ,3.499740741358e+00  ,1.330972902770e+01  ,1.350000000000e+01  
  1.476838648257e-04  ,4.999629084164e+00  ,3.172783930834e+00  ,3.499740358914e+00  ,1.330963297911e+01  ,1.350000000000e+01  
  1.476842547239e-04  ,4.999628593180e+00  ,3.174245427004e+00  ,3.499740015226e+00  ,1.330954528934e+01  ,1.350000000000e+01  
  1.476848089540e-04  ,4.999627908097e+00  ,3.176322869982e+00  ,3.499739535668e+00  ,1.330942064276e+01  ,1.350000000000e+01  
  1.476856273071e-04  ,4.999626924052e+00  ,3.179390259958e+00  ,3.499738846837e+00  ,1.330923659936e+01  ,1.350000000000e+01  
  1.476862115258e-04  ,4.999626241587e+00  ,3.181580000321e+00  ,3.499738369111e+00  ,1.330910521494e+01  ,1.350000000000e+01  
  1.476868692258e-04  ,4.999625493236e+00  ,3.184045104517e+00  ,3.499737845265e+00  ,1.330895730869e+01  ,1.350000000000e+01  
  1.476873772622e-04  ,4.999624929617e+00  ,3.185949219419e+00  ,3.499737450732e+00  ,1.330884306180e+01  ,1.350000000000e+01  
  1.476880226688e-04  ,4.999624231730e+00  ,3.188368145277e+00  ,3.499736962211e+00  ,1.330869792624e+01  ,1.350000000000e+01  
  1.476885809967e-04  ,4.999623644344e+00  ,3.190460662487e+00  ,3.499736551041e+00  ,1.330857237521e+01  ,1.350000000000e+01  
  1.476892915958e-04  ,4.999622918654e+00  ,3.193123804979e+00  ,3.499736043058e+00  ,1.330841258666e+01  ,1.350000000000e+01  
  1.476901615442e-04  ,4.999622063559e+00  ,3.196384054195e+00  ,3.499735444491e+00  ,1.330821697171e+01  ,1.350000000000e+01  
  1.476911865578e-04  ,4.999621103054e+00  ,3.200225299307e+00  ,3.499734772138e+00  ,1.330798649700e+01  ,1.350000000000e+01  
  1.476926850559e-04  ,4.999619790105e+00  ,3.205840673346e+00  ,3.499733853074e+00  ,1.330764957456e+01  ,1.350000000000e+01  
  1.476943897487e-04  ,4.999618427775e+00  ,3.212228357434e+00  ,3.499732899443e+00  ,1.330726631351e+01  ,1.350000000000e+01  
  1.476955607937e-04  ,4.999617572686e+00  ,3.216616171629e+00  ,3.499732300880e+00  ,1.330700304466e+01  ,1.350000000000e+01  
  1.476968558909e-04  ,4.999616703440e+00  ,3.221468582544e+00  ,3.499731692408e+00  ,1.330671190000e+01  ,1.350000000000e+01  
  1.476977270500e-04  ,4.999616163736e+00  ,3.224732473515e+00  ,3.499731314615e+00  ,1.330651606654e+01  ,1.350000000000e+01  
  1.476980084026e-04  ,4.999615997157e+00  ,3.225786568921e+00  ,3.499731198010e+00  ,1.330645282082e+01  ,1.350000000000e+01  
  1.476982811869e-04  ,4.999615839248e+00  ,3.226808553165e+00  ,3.499731087474e+00  ,1.330639150176e+01  ,1.350000000000e+01  
  1.476986813762e-04  ,4.999615613992e+00  ,3.228307840520e+00  ,3.499730929795e+00  ,1.330630154452e+01  ,1.350000000000e+01  
  1.476990503663e-04  ,4.999615413039e+00  ,3.229690222085e+00  ,3.499730789127e+00  ,1.330621860163e+01  ,1.350000000000e+01  
  1.476994523251e-04  ,4.999615201486e+00  ,3.231196096732e+00  ,3.499730641040e+00  ,1.330612824915e+01  ,1.350000000000e+01  
  1.477002562427e-04  ,4.999614801365e+00  ,3.234207780106e+00  ,3.499730360956e+00  ,1.330594754814e+01  ,1.350000000000e+01  
  1.477009241873e-04  ,4.999614492197e+00  ,3.236710006247e+00  ,3.499730144538e+00  ,1.330579741458e+01  ,1.350000000000e+01  
  1.477016989545e-04  ,4.999614160012e+00  ,3.239612331130e+00  ,3.499729912008e+00  ,1.330562327508e+01  ,1.350000000000e+01  
  1.477022744187e-04  ,4.999613931629e+00  ,3.241768001980e+00  ,3.499729752140e+00  ,1.330549393483e+01  ,1.350000000000e+01  
  1.477027634562e-04  ,4.999613749825e+00  ,3.243599885592e+00  ,3.499729624878e+00  ,1.330538402181e+01  ,1.350000000000e+01  
  1.477031958693e-04  ,4.999613598462e+00  ,3.245219632932e+00  ,3.499729518924e+00  ,1.330528683697e+01  ,1.350000000000e+01  
  1.477036793188e-04  ,4.999613439660e+00  ,3.247030524295e+00  ,3.499729407762e+00  ,1.330517818349e+01  ,1.350000000000e+01  
  1.477043611401e-04  ,4.999613234377e+00  ,3.249584416622e+00  ,3.499729264064e+00  ,1.330502494995e+01  ,1.350000000000e+01  
  1.477049792589e-04  ,4.999613067147e+00  ,3.251899644479e+00  ,3.499729147003e+00  ,1.330488603628e+01  ,1.350000000000e+01  
  1.477062154965e-04  ,4.999612786431e+00  ,3.256529944203e+00  ,3.499728950502e+00  ,1.330460821829e+01  ,1.350000000000e+01  
  1.477086048977e-04  ,4.999612446455e+00  ,3.265478802389e+00  ,3.499728712518e+00  ,1.330407128680e+01  ,1.350000000000e+01  
  1.477108076618e-04  ,4.999612368647e+00  ,3.273727973221e+00  ,3.499728658053e+00  ,1.330357633655e+01  ,1.350000000000e+01  
  1.477128375725e-04  ,4.999612496397e+00  ,3.281329236979e+00  ,3.499728747478e+00  ,1.330312026072e+01  ,1.350000000000e+01  
  1.477158226476e-04  ,4.999613030191e+00  ,3.292506218168e+00  ,3.499729121134e+00  ,1.330244964185e+01  ,1.350000000000e+01  
  1.477193050490e-04  ,4.999614170867e+00  ,3.305543797578e+00  ,3.499729919607e+00  ,1.330166738708e+01  ,1.350000000000e+01  
  1.477254018591e-04  ,4.999617501104e+00  ,3.328365342987e+00  ,3.499732250773e+00  ,1.330029809435e+01  ,1.350000000000e+01  
  1.477366298841e-04  ,4.999628025020e+00  ,3.370380750168e+00  ,3.499739617514e+00  ,1.329777716991e+01  ,1.350000000000e+01  
  1.477488279746e-04  ,4.999645830522e+00  ,3.416006636073e+00  ,3.499752081365e+00  ,1.329503961675e+01  ,1.350000000000e+01  
  1.477588639067e-04  ,4.999665400720e+00  ,3.453529900168e+00  ,3.499765780504e+00  ,1.329278822089e+01  ,1.350000000000e+01  
  1.477677017854e-04  ,4.999686275696e+00  ,3.486562354328e+00  ,3.499780392987e+00  ,1.329080627363e+01  ,1.350000000000e+01  
  1.477760076926e-04  ,4.999708975558e+00  ,3.517596755191e+00  ,3.499796282890e+00  ,1.328894420958e+01  ,1.350000000000e+01  
  1.477841258453e-04  ,4.999734031750e+00  ,3.547920482628e+00  ,3.499813822225e+00  ,1.328712478592e+01  ,1.350000000000e+01  
  1.477901228176e-04  ,4.999754347276e+00  ,3.570315156633e+00  ,3.499828043093e+00  ,1.328578110548e+01  ,1.350000000000e+01  
  1.477969065712e-04  ,4.999779172256e+00  ,3.595641976960e+00  ,3.499845420579e+00  ,1.328426149625e+01  ,1.350000000000e+01  
  1.478104740785e-04  ,4.999834656548e+00  ,3.646276631655e+00  ,3.499884259584e+00  ,1.328122341696e+01  ,1.350000000000e+01  
  1.478216231273e-04  ,4.999886040812e+00  ,3.687866501741e+00  ,3.499920228569e+00  ,1.327872802474e+01  ,1.350000000000e+01  
  1.478313133524e-04  ,4.999934926654e+00  ,3.724000532075e+00  ,3.499954448658e+00  ,1.327655998292e+01  ,1.350000000000e+01  
  1.478356510804e-04  ,4.999958079872e+00  ,3.740171357758e+00  ,3.499970655911e+00  ,1.327558973337e+01  ,1.350000000000e+01  
  1.478368962587e-04  ,4.999964871068e+00  ,3.744812838510e+00  ,3.499975409748e+00  ,1.327531124453e+01  ,1.350000000000e+01  
  1.478373742135e-04  ,4.999967494975e+00  ,3.746594388213e+00  ,3.499977246482e+00  ,1.327520435154e+01  ,1.350000000000e+01  
  1.478376735405e-04  ,4.999969143079e+00  ,3.747710097166e+00  ,3.499978400155e+00  ,1.327513740901e+01  ,1.350000000000e+01  
  1.478379632284e-04  ,4.999970741655e+00  ,3.748789865320e+00  ,3.499979519159e+00  ,1.327507262292e+01  ,1.350000000000e+01  
  1.478383616016e-04  ,4.999972945683e+00  ,3.750274722877e+00  ,3.499981061978e+00  ,1.327498353146e+01  ,1.350000000000e+01  
  1.478387548526e-04  ,4.999975127839e+00  ,3.751740466679e+00  ,3.499982589488e+00  ,1.327489558683e+01  ,1.350000000000e+01  
  1.478393223075e-04  ,4.999978287980e+00  ,3.753855473922e+00  ,3.499984801586e+00  ,1.327476868640e+01  ,1.350000000000e+01  
  1.478398504605e-04  ,4.999981241268e+00  ,3.755823956226e+00  ,3.499986868888e+00  ,1.327465057746e+01  ,1.350000000000e+01  
  1.478403952842e-04  ,4.999984299913e+00  ,3.757854531540e+00  ,3.499989009939e+00  ,1.327452874294e+01  ,1.350000000000e+01  
  1.478410301668e-04  ,4.999987879699e+00  ,3.760220707506e+00  ,3.499991515789e+00  ,1.327438677238e+01  ,1.350000000000e+01  
  1.478417057482e-04  ,4.999991707341e+00  ,3.762738504741e+00  ,3.499994195139e+00  ,1.327423570455e+01  ,1.350000000000e+01  
  1.478427691323e-04  ,4.999997770530e+00  ,3.766701460703e+00  ,3.499998439371e+00  ,1.327399792719e+01  ,1.350000000000e+01  
  1.478437961948e-04  ,5.000003671163e+00  ,3.770528907315e+00  ,3.500002569814e+00  ,1.327376828039e+01  ,1.350000000000e+01  
  1.478458503199e-04  ,5.000015603664e+00  ,3.778183363392e+00  ,3.500010922565e+00  ,1.327330901302e+01  ,1.350000000000e+01  
  1.478483227951e-04  ,5.000030198319e+00  ,3.787395978885e+00  ,3.500021138823e+00  ,1.327275625609e+01  ,1.350000000000e+01  
  1.478532677454e-04  ,5.000060146849e+00  ,3.805818675046e+00  ,3.500042102795e+00  ,1.327165089432e+01  ,1.350000000000e+01  
  1.478545039830e-04  ,5.000067792118e+00  ,3.810423820958e+00  ,3.500047454482e+00  ,1.327137458556e+01  ,1.350000000000e+01  
  1.478562593398e-04  ,5.000078756319e+00  ,3.816962390377e+00  ,3.500055129423e+00  ,1.327098227140e+01  ,1.350000000000e+01  
  1.478575011653e-04  ,5.000086589842e+00  ,3.821587837831e+00  ,3.500060612889e+00  ,1.327070474455e+01  ,1.350000000000e+01  
  1.478585662258e-04  ,5.000093359071e+00  ,3.825554715838e+00  ,3.500065351349e+00  ,1.327046673187e+01  ,1.350000000000e+01  
  1.478590453913e-04  ,5.000096419795e+00  ,3.827339343513e+00  ,3.500067493856e+00  ,1.327035965421e+01  ,1.350000000000e+01  
  1.478592189898e-04  ,5.000097531016e+00  ,3.827985894662e+00  ,3.500068271711e+00  ,1.327032086114e+01  ,1.350000000000e+01  
  1.478594494689e-04  ,5.000099008256e+00  ,3.828844285459e+00  ,3.500069305779e+00  ,1.327026935769e+01  ,1.350000000000e+01  
  1.478597102857e-04  ,5.000100682591e+00  ,3.829815656909e+00  ,3.500070477814e+00  ,1.327021107540e+01  ,1.350000000000e+01  
  1.478599996477e-04  ,5.000102543459e+00  ,3.830893328843e+00  ,3.500071780422e+00  ,1.327014641509e+01  ,1.350000000000e+01  
  1.478602437473e-04  ,5.000104115937e+00  ,3.831802421263e+00  ,3.500072881156e+00  ,1.327009186954e+01  ,1.350000000000e+01  
  1.478604335509e-04  ,5.000105340342e+00  ,3.832509294755e+00  ,3.500073738239e+00  ,1.327004945713e+01  ,1.350000000000e+01  
  1.478606344371e-04  ,5.000106637860e+00  ,3.833257437569e+00  ,3.500074646502e+00  ,1.327000456856e+01  ,1.350000000000e+01  
  1.478608791887e-04  ,5.000108220953e+00  ,3.834168936428e+00  ,3.500075754667e+00  ,1.326994987863e+01  ,1.350000000000e+01  
  1.478611743714e-04  ,5.000110133533e+00  ,3.835268238810e+00  ,3.500077093473e+00  ,1.326988392049e+01  ,1.350000000000e+01  
  1.478617647368e-04  ,5.000113969480e+00  ,3.837466807401e+00  ,3.500079778636e+00  ,1.326975200637e+01  ,1.350000000000e+01  
  1.478621793150e-04  ,5.000116671832e+00  ,3.839010701605e+00  ,3.500081670282e+00  ,1.326965937272e+01  ,1.350000000000e+01  
  1.478625788058e-04  ,5.000119282548e+00  ,3.840498387558e+00  ,3.500083497784e+00  ,1.326957011156e+01  ,1.350000000000e+01  
  1.478629015091e-04  ,5.000121396257e+00  ,3.841700103994e+00  ,3.500084977380e+00  ,1.326949800857e+01  ,1.350000000000e+01  
  1.478630711728e-04  ,5.000122509279e+00  ,3.842331909734e+00  ,3.500085756495e+00  ,1.326946010023e+01  ,1.350000000000e+01  
  1.478631351779e-04  ,5.000122929472e+00  ,3.842570255615e+00  ,3.500086050630e+00  ,1.326944579947e+01  ,1.350000000000e+01  
  1.478631661037e-04  ,5.000123132558e+00  ,3.842685418350e+00  ,3.500086192791e+00  ,1.326943888972e+01  ,1.350000000000e+01  
  1.478631978501e-04  ,5.000123341076e+00  ,3.842803637214e+00  ,3.500086338753e+00  ,1.326943179658e+01  ,1.350000000000e+01  
  1.478632613431e-04  ,5.000123758238e+00  ,3.843040074524e+00  ,3.500086630767e+00  ,1.326941761033e+01  ,1.350000000000e+01  
  1.478633883289e-04  ,5.000124593060e+00  ,3.843512947470e+00  ,3.500087215142e+00  ,1.326938923796e+01  ,1.350000000000e+01  
  1.478634788069e-04  ,5.000125188278e+00  ,3.843849870250e+00  ,3.500087631795e+00  ,1.326936902260e+01  ,1.350000000000e+01  
  1.478635306466e-04  ,5.000125529464e+00  ,3.844042911059e+00  ,3.500087870625e+00  ,1.326935744015e+01  ,1.350000000000e+01  
  1.478635798146e-04  ,5.000125853168e+00  ,3.844226002532e+00  ,3.500088097217e+00  ,1.326934645466e+01  ,1.350000000000e+01  
  1.478635975418e-04  ,5.000125969901e+00  ,3.844292014653e+00  ,3.500088178931e+00  ,1.326934249395e+01  ,1.350000000000e+01  
  1.478636147247e-04  ,5.000126083063e+00  ,3.844356000092e+00  ,3.500088258144e+00  ,1.326933865482e+01  ,1.350000000000e+01  
  1.478636334850e-04  ,5.000126206629e+00  ,3.844425859487e+00  ,3.500088344640e+00  ,1.326933446325e+01  ,1.350000000000e+01  
  1.478636710057e-04  ,5.000126453802e+00  ,3.844565578130e+00  ,3.500088517661e+00  ,1.326932608013e+01  ,1.350000000000e+01  
  1.478637428921e-04  ,5.000126927524e+00  ,3.844833266888e+00  ,3.500088849267e+00  ,1.326931001880e+01  ,1.350000000000e+01  
  1.478637942138e-04  ,5.000127265859e+00  ,3.845024376716e+00  ,3.500089086101e+00  ,1.326929855221e+01  ,1.350000000000e+01  
  1.478638432829e-04  ,5.000127589444e+00  ,3.845207097918e+00  ,3.500089312611e+00  ,1.326928758893e+01  ,1.350000000000e+01  
  1.478639297795e-04  ,5.000128160087e+00  ,3.845529189286e+00  ,3.500089712061e+00  ,1.326926826345e+01  ,1.350000000000e+01  
  1.478640765093e-04  ,5.000129128813e+00  ,3.846075571789e+00  ,3.500090390169e+00  ,1.326923548050e+01  ,1.350000000000e+01  
  1.478642160447e-04  ,5.000130050864e+00  ,3.846595161273e+00  ,3.500091035605e+00  ,1.326920430514e+01  ,1.350000000000e+01  
  1.478643343693e-04  ,5.000130649442e+00  ,3.846533292012e+00  ,3.500091454609e+00  ,-3.602725698545e-01  ,1.350000000000e+01  
  1.478643875129e-04  ,5.000130854620e+00  ,3.846425700265e+00  ,3.500091598234e+00  ,-4.008627071583e-01  ,1.350000000000e+01  
  1.478644026847e-04  ,5.000130906145e+00  ,3.846389244530e+00  ,3.500091634302e+00  ,-3.940644787859e-01  ,1.350000000000e+01  
  1.478644200597e-04  ,5.000130961881e+00  ,3.846346544189e+00  ,3.500091673317e+00  ,-3.938723880830e-01  ,1.350000000000e+01  
  1.478644424696e-04  ,5.000131029706e+00  ,3.846291051067e+00  ,3.500091720794e+00  ,-3.939092021877e-01  ,1.350000000000e+01  
  1.478644628452e-04  ,5.000131088080e+00  ,3.846240381003e+00  ,3.500091761656e+00  ,-3.939074242281e-01  ,1.350000000000e+01  
  1.478644993763e-04  ,5.000131188176e+00  ,3.846149535457e+00  ,3.500091831723e+00  ,-3.938965492285e-01  ,1.350000000000e+01  
  1.478645331601e-04  ,5.000131276763e+00  ,3.846065522305e+00  ,3.500091893734e+00  ,-3.938881679969e-01  ,1.350000000000e+01  
  1.478645924737e-04  ,5.000131428272e+00  ,3.845918021984e+00  ,3.500091999790e+00  ,-3.938733958143e-01  ,1.350000000000e+01  
  1.478646549421e-04  ,5.000131584717e+00  ,3.845762676722e+00  ,3.500092109302e+00  ,-3.938578427208e-01  ,1.350000000000e+01  
  1.478647117877e-04  ,5.000131725693e+00  ,3.845621314727e+00  ,3.500092207985e+00  ,-3.938436829352e-01  ,1.350000000000e+01  
  1.478647610489e-04  ,5.000131847365e+00  ,3.845498813894e+00  ,3.500092293156e+00  ,-3.938314748152e-01  ,1.350000000000e+01  
  1.478648089480e-04  ,5.000131965483e+00  ,3.845379700493e+00  ,3.500092375838e+00  ,-3.938195925652e-01  ,1.350000000000e+01  
  1.478648593907e-04  ,5.000132089751e+00  ,3.845254261924e+00  ,3.500092462826e+00  ,-3.938069886895e-01  ,1.350000000000e+01  
  1.478648924760e-04  ,5.000132171227e+00  ,3.845171987379e+00  ,3.500092519859e+00  ,-3.937987567193e-01  ,1.350000000000e+01  
  1.478649097578e-04  ,5.000132213775e+00  ,3.845129011870e+00  ,3.500092549642e+00  ,-3.937944327790e-01  ,1.350000000000e+01  
  1.478649170847e-04  ,5.000132231811e+00  ,3.845110791801e+00  ,3.500092562268e+00  ,-3.937925795173e-01  ,1.350000000000e+01  
  1.478649205521e-04  ,5.000132240346e+00  ,3.845102169386e+00  ,3.500092568242e+00  ,-3.937916935584e-01  ,1.350000000000e+01  
  1.478649238550e-04  ,5.000132248475e+00  ,3.845093955884e+00  ,3.500092573932e+00  ,-3.937908575040e-01  ,1.350000000000e+01  
  1.478649304608e-04  ,5.000132264734e+00  ,3.845077528885e+00  ,3.500092585314e+00  ,-3.937892254149e-01  ,1.350000000000e+01  
  1.478649436725e-04  ,5.000132297247e+00  ,3.845044674904e+00  ,3.500092608073e+00  ,-3.937859456058e-01  ,1.350000000000e+01  
  1.478649700959e-04  ,5.000132362254e+00  ,3.844978967012e+00  ,3.500092653578e+00  ,-3.937793908974e-01  ,1.350000000000e+01  
  1.478649982335e-04  ,5.000132431452e+00  ,3.844908996425e+00  ,3.500092702016e+00  ,-3.937723831125e-01  ,1.350000000000e+01  
  1.478650221190e-04  ,5.000132490171e+00  ,3.844849599672e+00  ,3.500092743120e+00  ,-3.937664196493e-01  ,1.350000000000e+01  
  1.478650437024e-04  ,5.000132543215e+00  ,3.844795927712e+00  ,3.500092780251e+00  ,-3.937611180462e-01  ,1.350000000000e+01  
  1.478650830740e-04  ,5.000132639933e+00  ,3.844698021417e+00  ,3.500092847953e+00  ,-3.937513788487e-01  ,1.350000000000e+01  
  1.478651131499e-04  ,5.000132713778e+00  ,3.844623231223e+00  ,3.500092899645e+00  ,-3.937438707152e-01  ,1.350000000000e+01  
  1.478651402019e-04  ,5.000132780173e+00  ,3.844555960681e+00  ,3.500092946121e+00  ,-3.937371404348e-01  ,1.350000000000e+01  
  1.478651648471e-04  ,5.000132840636e+00  ,3.844494675457e+00  ,3.500092988445e+00  ,-3.937310093164e-01  ,1.350000000000e+01  
  1.478652073619e-04  ,5.000132944890e+00  ,3.844388953572e+00  ,3.500093061423e+00  ,-3.937204266769e-01  ,1.350000000000e+01  
  1.478652502028e-04  ,5.000133049878e+00  ,3.844282421360e+00  ,3.500093134915e+00  ,-3.937097661165e-01  ,1.350000000000e+01  
  1.478653358845e-04  ,5.000133259658e+00  ,3.844069357678e+00  ,3.500093281760e+00  ,-3.936884430919e-01  ,1.350000000000e+01  
  1.478654096336e-04  ,5.000133440013e+00  ,3.843885967378e+00  ,3.500093408009e+00  ,-3.936700911955e-01  ,1.350000000000e+01  
  1.478655426031e-04  ,5.000133764704e+00  ,3.843555316663e+00  ,3.500093635293e+00  ,-3.936370029502e-01  ,1.350000000000e+01  
  1.478658045376e-04  ,5.000134402462e+00  ,3.842903980507e+00  ,3.500094081723e+00  ,-3.935718218377e-01  ,1.350000000000e+01  
  1.478660039803e-04  ,5.000134886426e+00  ,3.842408044877e+00  ,3.500094420499e+00  ,-3.935221962863e-01  ,1.350000000000e+01  
  1.478661861470e-04  ,5.000135327232e+00  ,3.841955072627e+00  ,3.500094729062e+00  ,-3.934768726195e-01  ,1.350000000000e+01  
  1.478665111321e-04  ,5.000136110697e+00  ,3.841146982152e+00  ,3.500095277488e+00  ,-3.933960060768e-01  ,1.350000000000e+01  
  1.478668484105e-04  ,5.000136919832e+00  ,3.840308338451e+00  ,3.500095843883e+00  ,-3.933120842360e-01  ,1.350000000000e+01  
  1.478675229675e-04  ,5.000138525998e+00  ,3.838631096991e+00  ,3.500096968198e+00  ,-3.931442462859e-01  ,1.350000000000e+01  
  1.478680215976e-04  ,5.000139702914e+00  ,3.837391325407e+00  ,3.500097792040e+00  ,-3.930201862530e-01  ,1.350000000000e+01  
  1.478684685393e-04  ,5.000140750362e+00  ,3.836280098002e+00  ,3.500098525253e+00  ,-3.929089903736e-01  ,1.350000000000e+01  
  1.478688787869e-04  ,5.000141705608e+00  ,3.835260126524e+00  ,3.500099193925e+00  ,-3.928069259093e-01  ,1.350000000000e+01  
  1.478692114553e-04  ,5.000142475858e+00  ,3.834433051649e+00  ,3.500099733100e+00  ,-3.927241519642e-01  ,1.350000000000e+01  
  1.478695274530e-04  ,5.000143204063e+00  ,3.833647784734e+00  ,3.500100242844e+00  ,-3.878027062394e-01  ,1.350000000000e+01  
  1.478697912036e-04  ,5.000143820433e+00  ,3.833015270969e+00  ,3.500100674303e+00  ,-1.121654824602e-01  ,1.350000000000e+01  
  1.478699264782e-04  ,5.000144139280e+00  ,3.832694861515e+00  ,3.500100897496e+00  ,-1.120387194110e-01  ,1.350000000000e+01  
  1.478700110190e-04  ,5.000144339048e+00  ,3.832495231074e+00  ,3.500101037334e+00  ,-1.120539698357e-01  ,1.350000000000e+01  
  1.478701734417e-04  ,5.000144722754e+00  ,3.832111967765e+00  ,3.500101305928e+00  ,-1.120435353371e-01  ,1.350000000000e+01  
  1.478703703233e-04  ,5.000145186957e+00  ,3.831647534964e+00  ,3.500101630870e+00  ,-1.120302496998e-01  ,1.350000000000e+01  
  1.478707640864e-04  ,5.000146111539e+00  ,3.830718767549e+00  ,3.500102278077e+00  ,-1.120036783503e-01  ,1.350000000000e+01  
  1.478715516128e-04  ,5.000147945132e+00  ,3.828861330263e+00  ,3.500103561592e+00  ,-1.119505701924e-01  ,1.350000000000e+01  
  1.478723249831e-04  ,5.000149725620e+00  ,3.827037344276e+00  ,3.500104807934e+00  ,-1.118984187304e-01  ,1.350000000000e+01  
  1.478729676888e-04  ,5.000151190129e+00  ,3.825521561714e+00  ,3.500105833090e+00  ,-1.118550793315e-01  ,1.350000000000e+01  
  1.478734837346e-04  ,5.000152356081e+00  ,3.824304516372e+00  ,3.500106649257e+00  ,-1.118202813059e-01  ,1.350000000000e+01  
  1.478739290931e-04  ,5.000153355215e+00  ,3.823254192082e+00  ,3.500107348651e+00  ,-1.117902501195e-01  ,1.350000000000e+01  
  1.478743428797e-04  ,5.000154277626e+00  ,3.822278335503e+00  ,3.500107994338e+00  ,-1.117623475664e-01  ,1.350000000000e+01  
  1.478746779696e-04  ,5.000155020454e+00  ,3.821488080383e+00  ,3.500108514318e+00  ,-1.117397526478e-01  ,1.350000000000e+01  
  1.478750632111e-04  ,5.000155869871e+00  ,3.820579557649e+00  ,3.500109108910e+00  ,-1.117137761497e-01  ,1.350000000000e+01  
  1.478758336943e-04  ,5.000157554016e+00  ,3.818762534927e+00  ,3.500110287811e+00  ,-1.116618247066e-01  ,1.350000000000e+01  
  1.478766327691e-04  ,5.000159280008e+00  ,3.816878116960e+00  ,3.500111496006e+00  ,-1.116079473429e-01  ,1.350000000000e+01  
  1.478772172671e-04  ,5.000160529227e+00  ,3.815499745182e+00  ,3.500112370459e+00  ,-1.115685383893e-01  ,1.350000000000e+01  
  1.478776579690e-04  ,5.000161463705e+00  ,3.814460487251e+00  ,3.500113024593e+00  ,-1.115388218140e-01  ,1.350000000000e+01  
  1.478782292422e-04  ,5.000162665582e+00  ,3.813113332090e+00  ,3.500113865907e+00  ,-1.115003018937e-01  ,1.350000000000e+01  
  1.478788042408e-04  ,5.000163864522e+00  ,3.811757408940e+00  ,3.500114705166e+00  ,-1.114615381121e-01  ,1.350000000000e+01  
  1.478794522550e-04  ,5.000165202784e+00  ,3.810229325338e+00  ,3.500115641948e+00  ,-1.114178461270e-01  ,1.350000000000e+01  
  1.478805990857e-04  ,5.000167537701e+00  ,3.807525034573e+00  ,3.500117276390e+00  ,-1.113405234573e-01  ,1.350000000000e+01  
  1.478815076840e-04  ,5.000169357272e+00  ,3.805382556712e+00  ,3.500118550091e+00  ,-1.112792647485e-01  ,1.350000000000e+01  
  1.478819902022e-04  ,5.000170312696e+00  ,3.804244794284e+00  ,3.500119218887e+00  ,-1.112467352933e-01  ,1.350000000000e+01  
  1.478820862565e-04  ,5.000170501991e+00  ,3.804018302804e+00  ,3.500119351394e+00  ,-1.112402628792e-01  ,1.350000000000e+01  
  1.478821447086e-04  ,5.000170617037e+00  ,3.803880475654e+00  ,3.500119431926e+00  ,-1.112363262164e-01  ,1.350000000000e+01  
  1.478821991793e-04  ,5.000170724148e+00  ,3.803752036610e+00  ,3.500119506903e+00  ,-1.112326583523e-01  ,1.350000000000e+01  
  1.478823081208e-04  ,5.000170938082e+00  ,3.803495158975e+00  ,3.500119656657e+00  ,-1.112253082002e-01  ,1.350000000000e+01  
  1.478823846289e-04  ,5.000171088097e+00  ,3.803314757564e+00  ,3.500119761668e+00  ,-1.112201522759e-01  ,1.350000000000e+01  
  1.478824583548e-04  ,5.000171232477e+00  ,3.803140916985e+00  ,3.500119862734e+00  ,-1.112151834504e-01  ,1.350000000000e+01  
  1.478825848517e-04  ,5.000171479790e+00  ,3.802842646400e+00  ,3.500120035853e+00  ,-1.112066543827e-01  ,1.350000000000e+01  
  1.478828243878e-04  ,5.000171946693e+00  ,3.802277839556e+00  ,3.500120362685e+00  ,-1.111904937570e-01  ,1.350000000000e+01  
  1.478832330522e-04  ,5.000172738991e+00  ,3.801314248970e+00  ,3.500120917294e+00  ,-1.111629444508e-01  ,1.350000000000e+01  
  1.478840503809e-04  ,5.000174307466e+00  ,3.799387093451e+00  ,3.500122015227e+00  ,-1.111078427651e-01  ,1.350000000000e+01  
  1.478848186289e-04  ,5.000175762191e+00  ,3.797575695077e+00  ,3.500123033534e+00  ,-1.110560504851e-01  ,1.350000000000e+01  
  1.478854428944e-04  ,5.000176930341e+00  ,3.796103805193e+00  ,3.500123851239e+00  ,-1.110139678251e-01  ,1.350000000000e+01  
  1.478859445978e-04  ,5.000177860107e+00  ,3.794920905922e+00  ,3.500124502075e+00  ,-1.109801476175e-01  ,1.350000000000e+01  
  1.478863958236e-04  ,5.000178689455e+00  ,3.793857032221e+00  ,3.500125082619e+00  ,-1.109497272275e-01  ,1.350000000000e+01  
  1.478868419271e-04  ,5.000179503000e+00  ,3.792805245774e+00  ,3.500125652100e+00  ,-1.109196522429e-01  ,1.350000000000e+01  
  1.478871881463e-04  ,5.000180130017e+00  ,3.791988965514e+00  ,3.500126091012e+00  ,-1.108963158933e-01  ,1.350000000000e+01  
  1.478875738070e-04  ,5.000180823970e+00  ,3.791079701312e+00  ,3.500126576779e+00  ,-1.108703199654e-01  ,1.350000000000e+01  
  1.478883451283e-04  ,5.000182197695e+00  ,3.789261195783e+00  ,3.500127538387e+00  ,-1.108183247281e-01  ,1.350000000000e+01  
  1.478890422233e-04  ,5.000183422974e+00  ,3.787617716362e+00  ,3.500128396082e+00  ,-1.107713307470e-01  ,1.350000000000e+01  
  1.478895564065e-04  ,5.000184316886e+00  ,3.786405487858e+00  ,3.500129021821e+00  ,-1.107366705869e-01  ,1.350000000000e+01  
  1.478902575061e-04  ,5.000185522278e+00  ,3.784752610561e+00  ,3.500129865594e+00  ,-1.106894144709e-01  ,1.350000000000e+01  
  1.478909600959e-04  ,5.000186714667e+00  ,3.783096245535e+00  ,3.500130700267e+00  ,-1.106420556525e-01  ,1.350000000000e+01  
  1.478916589603e-04  ,5.000187885296e+00  ,3.781448688057e+00  ,3.500131519707e+00  ,-1.105949450192e-01  ,1.350000000000e+01  
  1.478930566893e-04  ,5.000190180507e+00  ,3.778153648295e+00  ,3.500133126355e+00  ,-1.105007335251e-01  ,1.350000000000e+01  
  1.478943238467e-04  ,5.000192208413e+00  ,3.775166507422e+00  ,3.500134545889e+00  ,-1.104153256419e-01  ,1.350000000000e+01  
  1.478968581617e-04  ,5.000196114049e+00  ,3.769192473075e+00  ,3.500137279834e+00  ,-1.102445151844e-01  ,1.350000000000e+01  
  1.478986800150e-04  ,5.000198798482e+00  ,3.764898098832e+00  ,3.500139158938e+00  ,-1.101217286983e-01  ,1.350000000000e+01  
  1.479002153934e-04  ,5.000200981113e+00  ,3.761279120087e+00  ,3.500140686779e+00  ,-1.100182535586e-01  ,1.350000000000e+01  
  1.479011412211e-04  ,5.000202262108e+00  ,3.759096947217e+00  ,3.500141583476e+00  ,-1.099558595943e-01  ,1.350000000000e+01  
  1.479018434383e-04  ,5.000203216137e+00  ,3.757441853044e+00  ,3.500142251296e+00  ,-1.099085380097e-01  ,1.350000000000e+01  
  1.479024229073e-04  ,5.000203992006e+00  ,3.756076090191e+00  ,3.500142794404e+00  ,-1.098694889233e-01  ,1.350000000000e+01  
  1.479031765335e-04  ,5.000204985678e+00  ,3.754299878011e+00  ,3.500143489974e+00  ,-1.098187009889e-01  ,1.350000000000e+01  
  1.479043805473e-04  ,5.000206537175e+00  ,3.751462213618e+00  ,3.500144576022e+00  ,-1.097375641642e-01  ,1.350000000000e+01  
  1.479049693294e-04  ,5.000207279785e+00  ,3.750074577243e+00  ,3.500145095850e+00  ,-1.096978903138e-01  ,1.350000000000e+01  
  1.479055038155e-04  ,5.000207944773e+00  ,3.748814920891e+00  ,3.500145561341e+00  ,-1.096618746295e-01  ,1.350000000000e+01  
  1.479059797213e-04  ,5.000208529565e+00  ,3.747693336485e+00  ,3.500145970696e+00  ,-1.096298067365e-01  ,1.350000000000e+01  
  1.479065654301e-04  ,5.000209239836e+00  ,3.746312991570e+00  ,3.500146467885e+00  ,-1.095903359218e-01  ,1.350000000000e+01  
  1.479070106488e-04  ,5.000209772778e+00  ,3.745263752498e+00  ,3.500146840944e+00  ,-1.095603350012e-01  ,1.350000000000e+01  
  1.479074914907e-04  ,5.000210341614e+00  ,3.744130572599e+00  ,3.500147239130e+00  ,-1.095279376813e-01  ,1.350000000000e+01  
  1.479081500289e-04  ,5.000211109309e+00  ,3.742578642467e+00  ,3.500147776517e+00  ,-1.094835658673e-01  ,1.350000000000e+01  
  1.479089517113e-04  ,5.000212026180e+00  ,3.740689404548e+00  ,3.500148418326e+00  ,-1.094295437955e-01  ,1.350000000000e+01  
  1.479094919716e-04  ,5.000212633126e+00  ,3.739416250697e+00  ,3.500148843188e+00  ,-1.093931411974e-01  ,1.350000000000e+01  
  1.479101054337e-04  ,5.000213311639e+00  ,3.737970610530e+00  ,3.500149318148e+00  ,-1.093518109635e-01  ,1.350000000000e+01  
  1.479106198032e-04  ,5.000213871820e+00  ,3.736758499986e+00  ,3.500149710274e+00  ,-1.093171518881e-01  ,1.350000000000e+01  
  1.479112841156e-04  ,5.000214583525e+00  ,3.735193069419e+00  ,3.500150208468e+00  ,-1.092723925652e-01  ,1.350000000000e+01  
  1.479118695450e-04  ,5.000215199735e+00  ,3.733813542994e+00  ,3.500150639814e+00  ,-1.092329485928e-01  ,1.350000000000e+01  
  1.479125727866e-04  ,5.000215926358e+00  ,3.732156422863e+00  ,3.500151148451e+00  ,-1.091855676503e-01  ,1.350000000000e+01  
  1.479135767524e-04  ,5.000216938052e+00  ,3.729790720149e+00  ,3.500151856636e+00  ,-1.091179262795e-01  ,1.350000000000e+01  
  1.479144811597e-04  ,5.000217823628e+00  ,3.727659657155e+00  ,3.500152476539e+00  ,-1.090569940343e-01  ,1.350000000000e+01  
  1.479162899744e-04  ,5.000219521648e+00  ,3.723397657815e+00  ,3.500153665153e+00  ,-1.089351327625e-01  ,1.350000000000e+01  
  1.479186581415e-04  ,5.000221597864e+00  ,3.717817946186e+00  ,3.500155118505e+00  ,-1.087755947547e-01  ,1.350000000000e+01  
  1.479233944756e-04  ,5.000225253262e+00  ,3.706659392238e+00  ,3.500157677284e+00  ,-1.084565429928e-01  ,1.350000000000e+01  
  1.479328671437e-04  ,5.000230600506e+00  ,3.684345767396e+00  ,3.500161420354e+00  ,-1.078185364446e-01  ,1.350000000000e+01  
  1.479494044524e-04  ,5.000233766804e+00  ,3.645401978396e+00  ,3.500163636763e+00  ,-1.067050222221e-01  ,1.350000000000e+01  
  1.479637974840e-04  ,5.000230238340e+00  ,3.611519339005e+00  ,3.500161166838e+00  ,-1.057362129355e-01  ,1.350000000000e+01  
  1.479743028027e-04  ,5.000224021051e+00  ,3.586795587414e+00  ,3.500156814736e+00  ,-1.050292799236e-01  ,1.350000000000e+01  
  1.479836085778e-04  ,5.000215977794e+00  ,3.564899722603e+00  ,3.500151184456e+00  ,-1.044032021557e-01  ,1.350000000000e+01  
  1.479940036279e-04  ,5.000204198784e+00  ,3.540446231364e+00  ,3.500142939148e+00  ,-1.037039893868e-01  ,1.350000000000e+01  
  1.480017879945e-04  ,5.000193468535e+00  ,3.522137873241e+00  ,3.500135427975e+00  ,-1.031804852793e-01  ,1.350000000000e+01  
  1.480101922494e-04  ,5.000180055481e+00  ,3.502375153853e+00  ,3.500126038836e+00  ,-1.026153927994e-01  ,1.350000000000e+01  
  1.480228329044e-04  ,5.000156335111e+00  ,3.472657498781e+00  ,3.500109434578e+00  ,-1.017656455424e-01  ,1.350000000000e+01  
  1.480367729407e-04  ,5.000125257673e+00  ,3.439894842591e+00  ,3.500087680371e+00  ,-1.008288226770e-01  ,1.350000000000e+01  
  1.480477759582e-04  ,5.000097109520e+00  ,3.414042207255e+00  ,3.500067976664e+00  ,-1.000895807762e-01  ,1.350000000000e+01  
  1.480579802733e-04  ,5.000068161945e+00  ,3.390071946238e+00  ,3.500047713362e+00  ,-9.940416017728e-02  ,1.350000000000e+01  
  1.480666989428e-04  ,5.000041268391e+00  ,3.369595904487e+00  ,3.500028887874e+00  ,-9.881865214675e-02  ,1.350000000000e+01  
  1.480721162599e-04  ,5.000023557492e+00  ,3.356875222488e+00  ,3.500016490245e+00  ,-9.845490543646e-02  ,1.350000000000e+01  
  1.480781564456e-04  ,5.000002907904e+00  ,3.342693797721e+00  ,3.500002035533e+00  ,-9.804938747641e-02  ,1.350000000000e+01  
  1.480848567527e-04  ,4.999978889991e+00  ,3.326964790227e+00  ,3.499985222994e+00  ,-9.759961463497e-02  ,1.350000000000e+01  
  1.480978058618e-04  ,4.999929168698e+00  ,3.296573500819e+00  ,3.499950418088e+00  ,-9.673056652327e-02  ,1.350000000000e+01  
  1.481178062004e-04  ,4.999843836708e+00  ,3.249650821398e+00  ,3.499890685696e+00  ,-9.538878418531e-02  ,1.350000000000e+01  
  1.481203062427e-04  ,4.999832441997e+00  ,3.243786998169e+00  ,3.499882709398e+00  ,-9.522110343429e-02  ,1.350000000000e+01  
  1.481253063273e-04  ,4.999809168151e+00  ,3.232060362112e+00  ,3.499866417705e+00  ,-9.488576994650e-02  ,1.350000000000e+01  
  1.481265563485e-04  ,4.999803248801e+00  ,3.229128913685e+00  ,3.499862274161e+00  ,-9.480194245642e-02  ,1.350000000000e+01  
  1.481290563908e-04  ,4.999791289108e+00  ,3.223266269742e+00  ,3.499853902376e+00  ,-9.463429443549e-02  ,1.350000000000e+01  
  1.481296814014e-04  ,4.999788273987e+00  ,3.221800661472e+00  ,3.499851791791e+00  ,-9.459238398345e-02  ,1.350000000000e+01  
  1.481309314225e-04  ,4.999782213515e+00  ,3.218869508211e+00  ,3.499847549460e+00  ,-9.450856462354e-02  ,1.350000000000e+01  
  1.481312439278e-04  ,4.999780692099e+00  ,3.218136733080e+00  ,3.499846484469e+00  ,-9.448761038703e-02  ,1.350000000000e+01  
  1.481318689384e-04  ,4.999777641710e+00  ,3.216671198641e+00  ,3.499844349197e+00  ,-9.444570185636e-02  ,1.350000000000e+01  
  1.481331189596e-04  ,4.999771510711e+00  ,3.213740193069e+00  ,3.499840057498e+00  ,-9.436188649257e-02  ,1.350000000000e+01  
  1.481339967311e-04  ,4.999767181410e+00  ,3.211682075778e+00  ,3.499837026987e+00  ,-9.430303240806e-02  ,1.350000000000e+01  
  1.481347434655e-04  ,4.999763482765e+00  ,3.209931234873e+00  ,3.499834437936e+00  ,-9.425296523966e-02  ,1.350000000000e+01  
  1.481354590007e-04  ,4.999759925166e+00  ,3.208253574112e+00  ,3.499831947616e+00  ,-9.420499078583e-02  ,1.350000000000e+01  
  1.481360355825e-04  ,4.999757048832e+00  ,3.206901726779e+00  ,3.499829934182e+00  ,-9.416633316357e-02  ,1.350000000000e+01  
  1.481365129784e-04  ,4.999754660811e+00  ,3.205782443104e+00  ,3.499828262568e+00  ,-9.413432606365e-02  ,1.350000000000e+01  
  1.481368093718e-04  ,4.999753175242e+00  ,3.205087537033e+00  ,3.499827222669e+00  ,-9.411445467483e-02  ,1.350000000000e+01  
  1.481370266494e-04  ,4.999752084775e+00  ,3.204578124226e+00  ,3.499826459342e+00  ,-9.409988771070e-02  ,1.350000000000e+01  
  1.481371641359e-04  ,4.999751394133e+00  ,3.204255784929e+00  ,3.499825975893e+00  ,-9.409067054447e-02  ,1.350000000000e+01  
  1.481374391089e-04  ,4.999750011387e+00  ,3.203611109400e+00  ,3.499825007971e+00  ,-9.407223476333e-02  ,1.350000000000e+01  
  1.481379890549e-04  ,4.999747240050e+00  ,3.202321770610e+00  ,3.499823068035e+00  ,-9.403536417878e-02  ,1.350000000000e+01  
  1.481384338545e-04  ,4.999744992874e+00  ,3.201278957501e+00  ,3.499821495012e+00  ,-9.400554376497e-02  ,1.350000000000e+01  
  1.481388295735e-04  ,4.999742989373e+00  ,3.200351220913e+00  ,3.499820092561e+00  ,-9.397901413374e-02  ,1.350000000000e+01  
  1.481391065954e-04  ,4.999741584427e+00  ,3.199701766673e+00  ,3.499819109099e+00  ,-9.396044246547e-02  ,1.350000000000e+01  
  1.481393550722e-04  ,4.999740322568e+00  ,3.199119237371e+00  ,3.499818225798e+00  ,-9.394378450130e-02  ,1.350000000000e+01  
  1.481395720238e-04  ,4.999739219506e+00  ,3.198610618660e+00  ,3.499817453654e+00  ,-9.392924009652e-02  ,1.350000000000e+01  
  1.481397688589e-04  ,4.999738217674e+00  ,3.198149163192e+00  ,3.499816752372e+00  ,-9.391604436427e-02  ,1.350000000000e+01  
  1.481400770801e-04  ,4.999736646914e+00  ,3.197426580758e+00  ,3.499815652840e+00  ,-9.389538109904e-02  ,1.350000000000e+01  
  1.481403229492e-04  ,4.999735392159e+00  ,3.196850177849e+00  ,3.499814774511e+00  ,-9.387889806680e-02  ,1.350000000000e+01  
  1.481405449765e-04  ,4.999734257738e+00  ,3.196329671365e+00  ,3.499813980417e+00  ,-9.386401412699e-02  ,1.350000000000e+01  
  1.481407721960e-04  ,4.999733095474e+00  ,3.195796995564e+00  ,3.499813166832e+00  ,-9.384878160094e-02  ,1.350000000000e+01  
  1.481409363881e-04  ,4.999732254776e+00  ,3.195412077767e+00  ,3.499812578343e+00  ,-9.383777439429e-02  ,1.350000000000e+01  
  1.481411438402e-04  ,4.999731191586e+00  ,3.194925747243e+00  ,3.499811834110e+00  ,-9.382386737721e-02  ,1.350000000000e+01  
  1.481413616999e-04  ,4.999730073863e+00  ,3.194415020825e+00  ,3.499811051704e+00  ,-9.380926204957e-02  ,1.350000000000e+01  
  1.481415470331e-04  ,4.999729122054e+00  ,3.193980547878e+00  ,3.499810385438e+00  ,-9.379683795314e-02  ,1.350000000000e+01  
  1.481417145547e-04  ,4.999728260958e+00  ,3.193587831782e+00  ,3.499809782671e+00  ,-9.378560794247e-02  ,1.350000000000e+01  
  1.481419841260e-04  ,4.999726873788e+00  ,3.192955886819e+00  ,3.499808811652e+00  ,-9.376753616737e-02  ,1.350000000000e+01  
  1.481421932778e-04  ,4.999725796238e+00  ,3.192465583637e+00  ,3.499808057367e+00  ,-9.375351552838e-02  ,1.350000000000e+01  
  1.481423851768e-04  ,4.999724806582e+00  ,3.192015727229e+00  ,3.499807364608e+00  ,-9.374065150658e-02  ,1.350000000000e+01  
  1.481425662492e-04  ,4.999723871892e+00  ,3.191591252802e+00  ,3.499806710324e+00  ,-9.372851380347e-02  ,1.350000000000e+01  
  1.481427681599e-04  ,4.999722828638e+00  ,3.191117930705e+00  ,3.499805980047e+00  ,-9.371497789477e-02  ,1.350000000000e+01  
  1.481429724688e-04  ,4.999721771925e+00  ,3.190638989063e+00  ,3.499805240347e+00  ,-9.370128192922e-02  ,1.350000000000e+01  
  1.481431141928e-04  ,4.999721038278e+00  ,3.190306760444e+00  ,3.499804726794e+00  ,-9.369178197960e-02  ,1.350000000000e+01  
  1.481432413184e-04  ,4.999720379761e+00  ,3.190008754427e+00  ,3.499804265832e+00  ,-9.368326046469e-02  ,1.350000000000e+01  
  1.481433586417e-04  ,4.999719771650e+00  ,3.189733727305e+00  ,3.499803840155e+00  ,-9.367539676693e-02  ,1.350000000000e+01  
  1.481434741490e-04  ,4.999719172606e+00  ,3.189462958129e+00  ,3.499803420824e+00  ,-9.366765303118e-02  ,1.350000000000e+01  
  1.481436366415e-04  ,4.999718329305e+00  ,3.189082048631e+00  ,3.499802830513e+00  ,-9.365675981330e-02  ,1.350000000000e+01  
  1.481438242797e-04  ,4.999717354658e+00  ,3.188642195181e+00  ,3.499802148260e+00  ,-9.364418132849e-02  ,1.350000000000e+01  
  1.481441995562e-04  ,4.999715402643e+00  ,3.187762494000e+00  ,3.499800781850e+00  ,-9.361902431926e-02  ,1.350000000000e+01  
  1.481444878471e-04  ,4.999713900624e+00  ,3.187086704414e+00  ,3.499799730437e+00  ,-9.359969938861e-02  ,1.350000000000e+01  
  1.481446412359e-04  ,4.999713100583e+00  ,3.186727143836e+00  ,3.499799170408e+00  ,-9.358941818988e-02  ,1.350000000000e+01  
  1.481446972782e-04  ,4.999712808129e+00  ,3.186595774646e+00  ,3.499798965690e+00  ,-9.358566430741e-02  ,1.350000000000e+01  
  1.481447229886e-04  ,4.999712673933e+00  ,3.186535506973e+00  ,3.499798871753e+00  ,-9.358394501601e-02  ,1.350000000000e+01  
  1.481447539259e-04  ,4.999712512433e+00  ,3.186462986602e+00  ,3.499798758703e+00  ,-9.358187109810e-02  ,1.350000000000e+01  
  1.481448158007e-04  ,4.999712189358e+00  ,3.186317946017e+00  ,3.499798532551e+00  ,-9.357772109232e-02  ,1.350000000000e+01  
  1.481449395502e-04  ,4.999711542909e+00  ,3.186027865469e+00  ,3.499798080037e+00  ,-9.356942304596e-02  ,1.350000000000e+01  
  1.481450720075e-04  ,4.999710850538e+00  ,3.185717373775e+00  ,3.499797595376e+00  ,-9.356054393381e-02  ,1.350000000000e+01  
  1.481453369222e-04  ,4.999709464439e+00  ,3.185096393238e+00  ,3.499796625107e+00  ,-9.354278423254e-02  ,1.350000000000e+01  
  1.481456019301e-04  ,4.999708076044e+00  ,3.184475198194e+00  ,3.499795653231e+00  ,-9.352502020710e-02  ,1.350000000000e+01  
  1.481458692662e-04  ,4.999706673619e+00  ,3.183848549307e+00  ,3.499794671533e+00  ,-9.350710036575e-02  ,1.350000000000e+01  
  1.481460981387e-04  ,4.999705471509e+00  ,3.183312064092e+00  ,3.499793830057e+00  ,-9.349175907695e-02  ,1.350000000000e+01  
  1.481463051950e-04  ,4.999704382823e+00  ,3.182826719333e+00  ,3.499793067976e+00  ,-9.347788084424e-02  ,1.350000000000e+01  
  1.481466919733e-04  ,4.999702346215e+00  ,3.181920108310e+00  ,3.499791642350e+00  ,-9.345195372712e-02  ,1.350000000000e+01  
  1.481470867609e-04  ,4.999700263461e+00  ,3.180994731615e+00  ,3.499790184423e+00  ,-9.342549158498e-02  ,1.350000000000e+01  
  1.481474098367e-04  ,4.999698543898e+00  ,3.180213840173e+00  ,3.499788980729e+00  ,-3.265595197249e-01  ,1.350000000000e+01  
  1.481475786622e-04  ,4.999697640444e+00  ,3.179801607198e+00  ,3.499788348311e+00  ,-3.272618043346e-01  ,1.350000000000e+01  
  1.481476183366e-04  ,4.999697427717e+00  ,3.179704449761e+00  ,3.499788199402e+00  ,-3.272036124137e-01  ,1.350000000000e+01  
  1.481476408629e-04  ,4.999697306884e+00  ,3.179649263250e+00  ,3.499788114819e+00  ,-3.271973271727e-01  ,1.350000000000e+01  
  1.481476767712e-04  ,4.999697114216e+00  ,3.179561284950e+00  ,3.499787979951e+00  ,-3.271885005553e-01  ,1.350000000000e+01  
  1.481477485878e-04  ,4.999696728733e+00  ,3.179385322971e+00  ,3.499787710113e+00  ,-3.271709042440e-01  ,1.350000000000e+01  
  1.481477989316e-04  ,4.999696458406e+00  ,3.179261971204e+00  ,3.499787520884e+00  ,-3.271585778152e-01  ,1.350000000000e+01  
  1.481478450030e-04  ,4.999696210956e+00  ,3.179149087526e+00  ,3.499787347669e+00  ,-3.271472802592e-01  ,1.350000000000e+01  
  1.481478870755e-04  ,4.999695984931e+00  ,3.179046001943e+00  ,3.499787189452e+00  ,-3.271369631218e-01  ,1.350000000000e+01  
  1.481479568083e-04  ,4.999695610203e+00  ,3.178875143850e+00  ,3.499786927142e+00  ,-3.271198643982e-01  ,1.350000000000e+01  
  1.481480900805e-04  ,4.999694893663e+00  ,3.178548604216e+00  ,3.499786425564e+00  ,-3.270871859410e-01  ,1.350000000000e+01  
  1.481483091975e-04  ,4.999693714534e+00  ,3.178011735870e+00  ,3.499785600174e+00  ,-3.270334567318e-01  ,1.350000000000e+01  
  1.481486719942e-04  ,4.999691759373e+00  ,3.177122845500e+00  ,3.499784231561e+00  ,-3.269444959366e-01  ,1.350000000000e+01  
  1.481490940230e-04  ,4.999689480531e+00  ,3.176088852725e+00  ,3.499782636372e+00  ,-3.268410127261e-01  ,1.350000000000e+01  
  1.481496565418e-04  ,4.999686435604e+00  ,3.174710689761e+00  ,3.499780504923e+00  ,-3.267030844045e-01  ,1.350000000000e+01  
  1.481501664409e-04  ,4.999683668127e+00  ,3.173461481594e+00  ,3.499778567689e+00  ,-3.265780619507e-01  ,1.350000000000e+01  
  1.481505786443e-04  ,4.999681425763e+00  ,3.172451645313e+00  ,3.499776998034e+00  ,-3.264769961832e-01  ,1.350000000000e+01  
  1.481507897286e-04  ,4.999680275701e+00  ,3.171934529570e+00  ,3.499776192991e+00  ,-3.264252428041e-01  ,1.350000000000e+01  
  1.481508481924e-04  ,4.999679956956e+00  ,3.171791305668e+00  ,3.499775969869e+00  ,-3.264109100650e-01  ,1.350000000000e+01  
  1.481509225934e-04  ,4.999679551188e+00  ,3.171609039522e+00  ,3.499775685832e+00  ,-3.263926687491e-01  ,1.350000000000e+01  
  1.481510019886e-04  ,4.999679118019e+00  ,3.171414539476e+00  ,3.499775382613e+00  ,-3.263732028629e-01  ,1.350000000000e+01  
  1.481511607791e-04  ,4.999678251170e+00  ,3.171025541959e+00  ,3.499774775819e+00  ,-3.263342709430e-01  ,1.350000000000e+01  
  1.481514783601e-04  ,4.999676515429e+00  ,3.170247557227e+00  ,3.499773560800e+00  ,-3.262564082544e-01  ,1.350000000000e+01  
  1.481521135221e-04  ,4.999673035782e+00  ,3.168691628972e+00  ,3.499771125047e+00  ,-3.261006881899e-01  ,1.350000000000e+01  
  1.481528739470e-04  ,4.999668855583e+00  ,3.166828922035e+00  ,3.499768198908e+00  ,-3.259142654359e-01  ,1.350000000000e+01  
  1.481534635673e-04  ,4.999665603590e+00  ,3.165384665453e+00  ,3.499765922513e+00  ,-3.257697220891e-01  ,1.350000000000e+01  
  1.481537408686e-04  ,4.999664070920e+00  ,3.164705440951e+00  ,3.499764849644e+00  ,-3.257017451693e-01  ,1.350000000000e+01  
  1.481538579359e-04  ,4.999663423256e+00  ,3.164418698436e+00  ,3.499764396279e+00  ,-3.256730500211e-01  ,1.350000000000e+01  
  1.481539131924e-04  ,4.999663117426e+00  ,3.164283354679e+00  ,3.499764182198e+00  ,-3.256595089502e-01  ,1.350000000000e+01  
  1.481539642696e-04  ,4.999662834653e+00  ,3.164158247972e+00  ,3.499763984257e+00  ,-3.256469896777e-01  ,1.350000000000e+01  
  1.481540653298e-04  ,4.999662274959e+00  ,3.163910715956e+00  ,3.499763592471e+00  ,-3.256222125163e-01  ,1.350000000000e+01  
  1.481542674501e-04  ,4.999661154746e+00  ,3.163415656097e+00  ,3.499762808322e+00  ,-3.255726630821e-01  ,1.350000000000e+01  
  1.481545910381e-04  ,4.999659359026e+00  ,3.162623092873e+00  ,3.499761551318e+00  ,-3.254933412650e-01  ,1.350000000000e+01  
  1.481550729975e-04  ,4.999656679205e+00  ,3.161442657469e+00  ,3.499759675443e+00  ,-3.253752003980e-01  ,1.350000000000e+01  
  1.481556235954e-04  ,4.999653610070e+00  ,3.160094148536e+00  ,3.499757527049e+00  ,-3.252402385707e-01  ,1.350000000000e+01  
  1.481560625277e-04  ,4.999651157524e+00  ,3.159019157381e+00  ,3.499755810267e+00  ,-3.251326519371e-01  ,1.350000000000e+01  
  1.481564724959e-04  ,4.999648862125e+00  ,3.158015126116e+00  ,3.499754203487e+00  ,-3.250321678713e-01  ,1.350000000000e+01  
  1.481568142448e-04  ,4.999646945221e+00  ,3.157178184793e+00  ,3.499752861655e+00  ,-3.249484049185e-01  ,1.350000000000e+01  
  1.481571321517e-04  ,4.999645159222e+00  ,3.156399646357e+00  ,3.499751611455e+00  ,-3.248704889907e-01  ,1.350000000000e+01  
  1.481574631903e-04  ,4.999643296554e+00  ,3.155588963795e+00  ,3.499750307588e+00  ,-3.247893531627e-01  ,1.350000000000e+01  
  1.481577380702e-04  ,4.999642325719e+00  ,3.156086205921e+00  ,3.499749628003e+00  ,1.329197804944e+01  ,1.350000000000e+01  
  1.481578618662e-04  ,4.999642051173e+00  ,3.156493581962e+00  ,3.499749435821e+00  ,1.331456711288e+01  ,1.350000000000e+01  
  1.481578972565e-04  ,4.999641988076e+00  ,3.156623310675e+00  ,3.499749391653e+00  ,1.331062380077e+01  ,1.350000000000e+01  
  1.481579511277e-04  ,4.999641899045e+00  ,3.156823584095e+00  ,3.499749329332e+00  ,1.331058265032e+01  ,1.350000000000e+01  
  1.481580455638e-04  ,4.999641752196e+00  ,3.157176472327e+00  ,3.499749226538e+00  ,1.331056936889e+01  ,1.350000000000e+01  
  1.481582255652e-04  ,4.999641484517e+00  ,3.157851293971e+00  ,3.499749039162e+00  ,1.331052899491e+01  ,1.350000000000e+01  
  1.481583526441e-04  ,4.999641296625e+00  ,3.158327707898e+00  ,3.499748907638e+00  ,1.331050035260e+01  ,1.350000000000e+01  
  1.481584751131e-04  ,4.999641116326e+00  ,3.158786836872e+00  ,3.499748781428e+00  ,1.331047280473e+01  ,1.350000000000e+01  
  1.481586774895e-04  ,4.999640820013e+00  ,3.159545529949e+00  ,3.499748574009e+00  ,1.331042728317e+01  ,1.350000000000e+01  
  1.481590246399e-04  ,4.999640316461e+00  ,3.160846956700e+00  ,3.499748221522e+00  ,1.331034919757e+01  ,1.350000000000e+01  
  1.481594374487e-04  ,4.999639725467e+00  ,3.162394507269e+00  ,3.499747807827e+00  ,1.331025634453e+01  ,1.350000000000e+01  
  1.481598906768e-04  ,4.999639086361e+00  ,3.164093556749e+00  ,3.499747360453e+00  ,1.331015440156e+01  ,1.350000000000e+01  
  1.481603307733e-04  ,4.999638475532e+00  ,3.165743351986e+00  ,3.499746932873e+00  ,1.331005541385e+01  ,1.350000000000e+01  
  1.481608262369e-04  ,4.999637799346e+00  ,3.167600671222e+00  ,3.499746459542e+00  ,1.330994397469e+01  ,1.350000000000e+01  
  1.481612230269e-04  ,4.999637266592e+00  ,3.169088073630e+00  ,3.499746086614e+00  ,1.330985473055e+01  ,1.350000000000e+01  
  1.481615931810e-04  ,4.999636776624e+00  ,3.170475610024e+00  ,3.499745743637e+00  ,1.330977147837e+01  ,1.350000000000e+01  
  1.481618907386e-04  ,4.999636387662e+00  ,3.171591001946e+00  ,3.499745471363e+00  ,1.330970455485e+01  ,1.350000000000e+01  
  1.481620527189e-04  ,4.999636177762e+00  ,3.172198178554e+00  ,3.499745324433e+00  ,1.330966812425e+01  ,1.350000000000e+01  
  1.481622020099e-04  ,4.999635985452e+00  ,3.172757786786e+00  ,3.499745189817e+00  ,1.330963454776e+01  ,1.350000000000e+01  
  1.481623365394e-04  ,4.999635813100e+00  ,3.173262059985e+00  ,3.499745069170e+00  ,1.330960429137e+01  ,1.350000000000e+01  
  1.481624612901e-04  ,4.999635654074e+00  ,3.173729675617e+00  ,3.499744957852e+00  ,1.330957623443e+01  ,1.350000000000e+01  
  1.481626866236e-04  ,4.999635368775e+00  ,3.174574310815e+00  ,3.499744758142e+00  ,1.330952555632e+01  ,1.350000000000e+01  
  1.481631372906e-04  ,4.999634805680e+00  ,3.176263560537e+00  ,3.499744363976e+00  ,1.330942420133e+01  ,1.350000000000e+01  
  1.481635812521e-04  ,4.999634260742e+00  ,3.177927648775e+00  ,3.499743982520e+00  ,1.330932435604e+01  ,1.350000000000e+01  
  1.481639628149e-04  ,4.999633800140e+00  ,3.179357828677e+00  ,3.499743660098e+00  ,1.330923854524e+01  ,1.350000000000e+01  
  1.481643081959e-04  ,4.999633389382e+00  ,3.180652374038e+00  ,3.499743372567e+00  ,1.330916087252e+01  ,1.350000000000e+01  
  1.481648100856e-04  ,4.999632802925e+00  ,3.182533511400e+00  ,3.499742962047e+00  ,1.330904800428e+01  ,1.350000000000e+01  
  1.481655302774e-04  ,4.999631982950e+00  ,3.185232808717e+00  ,3.499742388065e+00  ,1.330888604644e+01  ,1.350000000000e+01  
  1.481663439739e-04  ,4.999631087062e+00  ,3.188282479659e+00  ,3.499741760944e+00  ,1.330870306618e+01  ,1.350000000000e+01  
  1.481668572258e-04  ,4.999630538603e+00  ,3.190206061271e+00  ,3.499741377022e+00  ,1.330858765128e+01  ,1.350000000000e+01  
  1.481674752514e-04  ,4.999629895241e+00  ,3.192522269937e+00  ,3.499740926669e+00  ,1.330844867876e+01  ,1.350000000000e+01  
  1.481680102963e-04  ,4.999629353288e+00  ,3.194527444856e+00  ,3.499740547302e+00  ,1.330832836827e+01  ,1.350000000000e+01  
  1.481686715353e-04  ,4.999628702751e+00  ,3.197005501131e+00  ,3.499740091925e+00  ,1.330817968489e+01  ,1.350000000000e+01  
  1.481693268138e-04  ,4.999628079031e+00  ,3.199461161406e+00  ,3.499739655322e+00  ,1.330803234527e+01  ,1.350000000000e+01  
  1.481699684951e-04  ,4.999627488438e+00  ,3.201865809156e+00  ,3.499739241907e+00  ,1.330788806641e+01  ,1.350000000000e+01  
  1.481706382092e-04  ,4.999626893313e+00  ,3.204375447895e+00  ,3.499738825319e+00  ,1.330773748808e+01  ,1.350000000000e+01  
  1.481715017315e-04  ,4.999626157982e+00  ,3.207611259829e+00  ,3.499738310588e+00  ,1.330754333937e+01  ,1.350000000000e+01  
  1.481726720314e-04  ,4.999625218838e+00  ,3.211996474812e+00  ,3.499737653187e+00  ,1.330728022647e+01  ,1.350000000000e+01  
  1.481740120183e-04  ,4.999624224476e+00  ,3.217017292965e+00  ,3.499736957133e+00  ,1.330697897738e+01  ,1.350000000000e+01  
  1.481757794823e-04  ,4.999623044580e+00  ,3.223639458378e+00  ,3.499736131206e+00  ,1.330658164745e+01  ,1.350000000000e+01  
  1.481779304649e-04  ,4.999621810019e+00  ,3.231697981849e+00  ,3.499735267013e+00  ,1.330609813604e+01  ,1.350000000000e+01  
  1.481791469585e-04  ,4.999621209415e+00  ,3.236255221228e+00  ,3.499734846590e+00  ,1.330582470168e+01  ,1.350000000000e+01  
  1.481806787978e-04  ,4.999620553141e+00  ,3.241993525757e+00  ,3.499734387199e+00  ,1.330548040340e+01  ,1.350000000000e+01  
  1.481815777104e-04  ,4.999620219751e+00  ,3.245360723641e+00  ,3.499734153826e+00  ,1.330527837153e+01  ,1.350000000000e+01  
  1.481816717623e-04  ,4.999620187078e+00  ,3.245713022403e+00  ,3.499734130955e+00  ,1.330525723360e+01  ,1.350000000000e+01  
  1.481818152326e-04  ,4.999620138044e+00  ,3.246250429411e+00  ,3.499734096631e+00  ,1.330522498918e+01  ,1.350000000000e+01  
  1.481819794946e-04  ,4.999620083099e+00  ,3.246865714262e+00  ,3.499734058169e+00  ,1.330518807209e+01  ,1.350000000000e+01  
  1.481822158177e-04  ,4.999620006282e+00  ,3.247750915651e+00  ,3.499734004397e+00  ,1.330513496001e+01  ,1.350000000000e+01  
  1.481824386599e-04  ,4.999619936261e+00  ,3.248585614354e+00  ,3.499733955382e+00  ,1.330508487809e+01  ,1.350000000000e+01  
  1.481828843443e-04  ,4.999619803244e+00  ,3.250254991489e+00  ,3.499733862271e+00  ,1.330498471546e+01  ,1.350000000000e+01  
  1.481837757132e-04  ,4.999619565278e+00  ,3.253593664671e+00  ,3.499733695695e+00  ,1.330478439507e+01  ,1.350000000000e+01  
  1.481845810278e-04  ,4.999619382434e+00  ,3.256609923910e+00  ,3.499733567704e+00  ,1.330460341951e+01  ,1.350000000000e+01  
  1.481850689477e-04  ,4.999619286475e+00  ,3.258437356644e+00  ,3.499733500532e+00  ,1.330449377355e+01  ,1.350000000000e+01  
  1.481856832481e-04  ,4.999619181545e+00  ,3.260738082909e+00  ,3.499733427082e+00  ,1.330435572997e+01  ,1.350000000000e+01  
  1.481864138706e-04  ,4.999619079772e+00  ,3.263474401348e+00  ,3.499733355841e+00  ,1.330419155086e+01  ,1.350000000000e+01  
  1.481871484047e-04  ,4.999619002642e+00  ,3.266225296040e+00  ,3.499733301849e+00  ,1.330402649718e+01  ,1.350000000000e+01  
  1.481881573996e-04  ,4.999618937795e+00  ,3.270003950608e+00  ,3.499733256456e+00  ,1.330379977791e+01  ,1.350000000000e+01  
  1.481893558255e-04  ,4.999618922496e+00  ,3.274491838350e+00  ,3.499733245747e+00  ,1.330353050464e+01  ,1.350000000000e+01  
  1.481915094158e-04  ,4.999619062906e+00  ,3.282556152211e+00  ,3.499733344034e+00  ,1.330304664581e+01  ,1.350000000000e+01  
  1.481940053603e-04  ,4.999619494506e+00  ,3.291901651846e+00  ,3.499733646154e+00  ,1.330248591583e+01  ,1.350000000000e+01  
  1.481977775893e-04  ,4.999620691950e+00  ,3.306024298913e+00  ,3.499734484365e+00  ,1.330163855700e+01  ,1.350000000000e+01  
  1.482036091587e-04  ,4.999623825343e+00  ,3.327852983286e+00  ,3.499736677740e+00  ,1.330032883593e+01  ,1.350000000000e+01  
  1.482132144472e-04  ,4.999632352359e+00  ,3.363797308508e+00  ,3.499742646652e+00  ,1.329817217641e+01  ,1.350000000000e+01  
  1.482235707542e-04  ,4.999646173354e+00  ,3.402537931356e+00  ,3.499752321348e+00  ,1.329584773903e+01  ,1.350000000000e+01  
  1.482367761633e-04  ,4.999670691348e+00  ,3.451915137446e+00  ,3.499769483944e+00  ,1.329288510666e+01  ,1.350000000000e+01  
  1.482458435199e-04  ,4.999691937987e+00  ,3.485805656949e+00  ,3.499784356591e+00  ,1.329085167548e+01  ,1.350000000000e+01  
  1.482565038106e-04  ,4.999721477858e+00  ,3.525635583204e+00  ,3.499805034501e+00  ,1.328846187989e+01  ,1.350000000000e+01  
  1.482647828958e-04  ,4.999747783999e+00  ,3.556557880304e+00  ,3.499823448799e+00  ,1.328660654206e+01  ,1.350000000000e+01  
  1.482752226493e-04  ,4.999785127245e+00  ,3.595536834433e+00  ,3.499849589072e+00  ,1.328426780480e+01  ,1.350000000000e+01  
  1.482850007913e-04  ,4.999824290696e+00  ,3.632031936025e+00  ,3.499877003487e+00  ,1.328207809870e+01  ,1.350000000000e+01  
  1.482958294651e-04  ,4.999872368811e+00  ,3.672432601308e+00  ,3.499910658168e+00  ,1.327965405877e+01  ,1.350000000000e+01  
  1.483046017787e-04  ,4.999914921052e+00  ,3.705149353908e+00  ,3.499940444736e+00  ,1.327769105361e+01  ,1.350000000000e+01  
  1.483085908195e-04  ,4.999935335649e+00  ,3.720023159364e+00  ,3.499954734954e+00  ,1.327679862528e+01  ,1.350000000000e+01  
  1.483104523471e-04  ,4.999945089755e+00  ,3.726963425066e+00  ,3.499961562828e+00  ,1.327638220934e+01  ,1.350000000000e+01  
  1.483110882542e-04  ,4.999948454937e+00  ,3.729334144750e+00  ,3.499963918456e+00  ,1.327623996616e+01  ,1.350000000000e+01  
  1.483115993640e-04  ,4.999951171919e+00  ,3.731239568522e+00  ,3.499965820343e+00  ,1.327612564073e+01  ,1.350000000000e+01  
  1.483122541769e-04  ,4.999954668708e+00  ,3.733680666460e+00  ,3.499968268096e+00  ,1.327597917485e+01  ,1.350000000000e+01  
  1.483129140189e-04  ,4.999958210415e+00  ,3.736140452844e+00  ,3.499970747291e+00  ,1.327583158767e+01  ,1.350000000000e+01  
  1.483135334416e-04  ,4.999961551667e+00  ,3.738449507445e+00  ,3.499973086167e+00  ,1.327569304439e+01  ,1.350000000000e+01  
  1.483141176602e-04  ,4.999964717658e+00  ,3.740627281733e+00  ,3.499975302360e+00  ,1.327556237793e+01  ,1.350000000000e+01  
  1.483147213435e-04  ,4.999968004052e+00  ,3.742877564292e+00  ,3.499977602837e+00  ,1.327542736098e+01  ,1.350000000000e+01  
  1.483153402074e-04  ,4.999971388829e+00  ,3.745184381502e+00  ,3.499979972180e+00  ,1.327528895195e+01  ,1.350000000000e+01  
  1.483157716426e-04  ,4.999973757920e+00  ,3.746792526408e+00  ,3.499981630544e+00  ,1.327519246325e+01  ,1.350000000000e+01  
  1.483162634740e-04  ,4.999976468100e+00  ,3.748625762903e+00  ,3.499983527670e+00  ,1.327508246906e+01  ,1.350000000000e+01  
  1.483172471369e-04  ,4.999981918635e+00  ,3.752292135707e+00  ,3.499987343044e+00  ,1.327486248669e+01  ,1.350000000000e+01  
  1.483182164575e-04  ,4.999987329046e+00  ,3.755904920020e+00  ,3.499991130332e+00  ,1.327464571963e+01  ,1.350000000000e+01  
  1.483201550985e-04  ,4.999998266976e+00  ,3.763130099419e+00  ,3.499998786883e+00  ,1.327421220887e+01  ,1.350000000000e+01  
  1.483223161394e-04  ,5.000010643663e+00  ,3.771183535634e+00  ,3.500007450564e+00  ,1.327372900269e+01  ,1.350000000000e+01  
  1.483266382212e-04  ,5.000035978251e+00  ,3.787288472578e+00  ,3.500025184776e+00  ,1.327276270647e+01  ,1.350000000000e+01  
  1.483277187417e-04  ,5.000042432908e+00  ,3.791314303507e+00  ,3.500029703036e+00  ,1.327252115662e+01  ,1.350000000000e+01  
  1.483298797826e-04  ,5.000055487311e+00  ,3.799365481264e+00  ,3.500038841118e+00  ,1.327203808595e+01  ,1.350000000000e+01  
  1.483321812669e-04  ,5.000069602697e+00  ,3.807939185470e+00  ,3.500048721888e+00  ,1.327152366369e+01  ,1.350000000000e+01  
  1.483341351817e-04  ,5.000081758394e+00  ,3.815217516210e+00  ,3.500057230875e+00  ,1.327108696385e+01  ,1.350000000000e+01  
  1.483357137735e-04  ,5.000091694435e+00  ,3.821097383536e+00  ,3.500064186104e+00  ,1.327073417181e+01  ,1.350000000000e+01  
  1.483364321026e-04  ,5.000096249879e+00  ,3.823772869242e+00  ,3.500067374915e+00  ,1.327057364266e+01  ,1.350000000000e+01  
  1.483368451907e-04  ,5.000098879228e+00  ,3.825311423311e+00  ,3.500069215459e+00  ,1.327048132942e+01  ,1.350000000000e+01  
  1.483372476617e-04  ,5.000101447780e+00  ,3.826810411184e+00  ,3.500071013446e+00  ,1.327039139015e+01  ,1.350000000000e+01  
  1.483375137872e-04  ,5.000103149856e+00  ,3.827801572740e+00  ,3.500072204899e+00  ,1.327033192045e+01  ,1.350000000000e+01  
  1.483378132074e-04  ,5.000105068376e+00  ,3.828916726172e+00  ,3.500073547863e+00  ,1.327026501125e+01  ,1.350000000000e+01  
  1.483381546768e-04  ,5.000107260844e+00  ,3.830188471550e+00  ,3.500075082591e+00  ,1.327018870653e+01  ,1.350000000000e+01  
  1.483385548661e-04  ,5.000109836463e+00  ,3.831678888735e+00  ,3.500076885524e+00  ,1.327009928149e+01  ,1.350000000000e+01  
  1.483389974306e-04  ,5.000112692511e+00  ,3.833327097157e+00  ,3.500078884758e+00  ,1.327000038899e+01  ,1.350000000000e+01  
  1.483393709841e-04  ,5.000115109498e+00  ,3.834718272191e+00  ,3.500080576648e+00  ,1.326991691848e+01  ,1.350000000000e+01  
  1.483397082160e-04  ,5.000117296424e+00  ,3.835974163062e+00  ,3.500082107497e+00  ,1.326984156503e+01  ,1.350000000000e+01  
  1.483399942251e-04  ,5.000119154853e+00  ,3.837039282147e+00  ,3.500083408397e+00  ,1.326977765789e+01  ,1.350000000000e+01  
  1.483401428875e-04  ,5.000120122165e+00  ,3.837592907223e+00  ,3.500084085515e+00  ,1.326974444038e+01  ,1.350000000000e+01  
  1.483401765199e-04  ,5.000120341130e+00  ,3.837718155260e+00  ,3.500084238791e+00  ,1.326973692550e+01  ,1.350000000000e+01  
  1.483401982139e-04  ,5.000120482394e+00  ,3.837798944279e+00  ,3.500084337676e+00  ,1.326973207816e+01  ,1.350000000000e+01  
  1.483402310372e-04  ,5.000120696166e+00  ,3.837921179003e+00  ,3.500084487316e+00  ,1.326972474407e+01  ,1.350000000000e+01  
  1.483402966838e-04  ,5.000121123843e+00  ,3.838165648005e+00  ,3.500084786690e+00  ,1.326971007593e+01  ,1.350000000000e+01  
  1.483404201073e-04  ,5.000121928408e+00  ,3.838625277593e+00  ,3.500085349886e+00  ,1.326968249816e+01  ,1.350000000000e+01  
  1.483405124945e-04  ,5.000122531067e+00  ,3.838969326432e+00  ,3.500085771747e+00  ,1.326966185523e+01  ,1.350000000000e+01  
  1.483405959294e-04  ,5.000123075631e+00  ,3.839280035854e+00  ,3.500086152942e+00  ,1.326964321266e+01  ,1.350000000000e+01  
  1.483406415293e-04  ,5.000123373375e+00  ,3.839449848312e+00  ,3.500086361362e+00  ,1.326963302391e+01  ,1.350000000000e+01  
  1.483406851093e-04  ,5.000123658010e+00  ,3.839612138811e+00  ,3.500086560607e+00  ,1.326962328649e+01  ,1.350000000000e+01  
  1.483407012881e-04  ,5.000123763700e+00  ,3.839672388035e+00  ,3.500086634590e+00  ,1.326961967155e+01  ,1.350000000000e+01  
  1.483407168587e-04  ,5.000123865425e+00  ,3.839730372053e+00  ,3.500086705798e+00  ,1.326961619250e+01  ,1.350000000000e+01  
  1.483407365882e-04  ,5.000123994337e+00  ,3.839803843718e+00  ,3.500086796036e+00  ,1.326961178421e+01  ,1.350000000000e+01  
  1.483407760472e-04  ,5.000124252207e+00  ,3.839950786884e+00  ,3.500086976545e+00  ,1.326960296760e+01  ,1.350000000000e+01  
  1.483408336727e-04  ,5.000124628914e+00  ,3.840165381179e+00  ,3.500087240240e+00  ,1.326959009194e+01  ,1.350000000000e+01  
  1.483408995056e-04  ,5.000125059440e+00  ,3.840410538342e+00  ,3.500087541608e+00  ,1.326957538251e+01  ,1.350000000000e+01  
  1.483409826611e-04  ,5.000125603510e+00  ,3.840720202845e+00  ,3.500087922457e+00  ,1.326955680264e+01  ,1.350000000000e+01  
  1.483410464916e-04  ,5.000125947897e+00  ,3.840682752407e+00  ,3.500088163528e+00  ,-3.321263530798e-01  ,1.350000000000e+01  
  1.483410758865e-04  ,5.000126078336e+00  ,3.840622919653e+00  ,3.500088254835e+00  ,-4.061059562267e-01  ,1.350000000000e+01  
  1.483410842087e-04  ,5.000126111874e+00  ,3.840602903512e+00  ,3.500088278312e+00  ,-3.938077086612e-01  ,1.350000000000e+01  
  1.483410999975e-04  ,5.000126171591e+00  ,3.840564153811e+00  ,3.500088320114e+00  ,-3.931576870493e-01  ,1.350000000000e+01  
  1.483411105375e-04  ,5.000126208898e+00  ,3.840538043519e+00  ,3.500088346229e+00  ,-3.933277825419e-01  ,1.350000000000e+01  
  1.483411249453e-04  ,5.000126257159e+00  ,3.840502267215e+00  ,3.500088380011e+00  ,-3.933336508046e-01  ,1.350000000000e+01  
  1.483411402394e-04  ,5.000126305537e+00  ,3.840464256308e+00  ,3.500088413876e+00  ,-3.933280035699e-01  ,1.350000000000e+01  
  1.483411658886e-04  ,5.000126381488e+00  ,3.840400480029e+00  ,3.500088467042e+00  ,-3.933211748922e-01  ,1.350000000000e+01  
  1.483411946781e-04  ,5.000126461403e+00  ,3.840328895551e+00  ,3.500088522982e+00  ,-3.933142346611e-01  ,1.350000000000e+01  
  1.483412307319e-04  ,5.000126556699e+00  ,3.840239248667e+00  ,3.500088589689e+00  ,-3.933051725347e-01  ,1.350000000000e+01  
  1.483412841840e-04  ,5.000126692111e+00  ,3.840106341768e+00  ,3.500088684478e+00  ,-3.932918805755e-01  ,1.350000000000e+01  
  1.483413494581e-04  ,5.000126852526e+00  ,3.839944040430e+00  ,3.500088796769e+00  ,-3.932756493799e-01  ,1.350000000000e+01  
  1.483414148719e-04  ,5.000127010759e+00  ,3.839781392313e+00  ,3.500088907531e+00  ,-3.932593861613e-01  ,1.350000000000e+01  
  1.483414645638e-04  ,5.000127130202e+00  ,3.839657836284e+00  ,3.500088991141e+00  ,-3.932469861267e-01  ,1.350000000000e+01  
  1.483415039645e-04  ,5.000127224724e+00  ,3.839559868762e+00  ,3.500089057307e+00  ,-3.932371561735e-01  ,1.350000000000e+01  
  1.483415402454e-04  ,5.000127311708e+00  ,3.839469658936e+00  ,3.500089118196e+00  ,-3.932281029448e-01  ,1.350000000000e+01  
  1.483415828941e-04  ,5.000127413922e+00  ,3.839363615943e+00  ,3.500089189745e+00  ,-3.932174549774e-01  ,1.350000000000e+01  
  1.483416155370e-04  ,5.000127492134e+00  ,3.839282452042e+00  ,3.500089244494e+00  ,-3.932094034410e-01  ,1.350000000000e+01  
  1.483416511077e-04  ,5.000127577336e+00  ,3.839194008447e+00  ,3.500089304135e+00  ,-3.932005996790e-01  ,1.350000000000e+01  
  1.483416832150e-04  ,5.000127654208e+00  ,3.839114176344e+00  ,3.500089357946e+00  ,-3.931926366736e-01  ,1.350000000000e+01  
  1.483417300955e-04  ,5.000127766392e+00  ,3.838997612460e+00  ,3.500089436475e+00  ,-3.931809204323e-01  ,1.350000000000e+01  
  1.483417793042e-04  ,5.000127884069e+00  ,3.838875259778e+00  ,3.500089518848e+00  ,-3.931686355008e-01  ,1.350000000000e+01  
  1.483418505504e-04  ,5.000128054295e+00  ,3.838698113819e+00  ,3.500089638007e+00  ,-3.931508986046e-01  ,1.350000000000e+01  
  1.483419519249e-04  ,5.000128296196e+00  ,3.838446058294e+00  ,3.500089807337e+00  ,-3.931257578951e-01  ,1.350000000000e+01  
  1.483420370710e-04  ,5.000128499091e+00  ,3.838234353561e+00  ,3.500089949363e+00  ,-3.931045727607e-01  ,1.350000000000e+01  
  1.483420815650e-04  ,5.000128605012e+00  ,3.838123725636e+00  ,3.500090023508e+00  ,-3.930934737936e-01  ,1.350000000000e+01  
  1.483420957895e-04  ,5.000128638860e+00  ,3.838088358477e+00  ,3.500090047202e+00  ,-3.930899123737e-01  ,1.350000000000e+01  
  1.483421030545e-04  ,5.000128656145e+00  ,3.838070295005e+00  ,3.500090059301e+00  ,-3.930880842981e-01  ,1.350000000000e+01  
  1.483421099798e-04  ,5.000128672621e+00  ,3.838053076372e+00  ,3.500090070835e+00  ,-3.930863448470e-01  ,1.350000000000e+01  
  1.483421238303e-04  ,5.000128705566e+00  ,3.838018639123e+00  ,3.500090093896e+00  ,-3.930829052272e-01  ,1.350000000000e+01  
  1.483421515313e-04  ,5.000128771432e+00  ,3.837949764704e+00  ,3.500090140003e+00  ,-3.930760110320e-01  ,1.350000000000e+01  
  1.483421709843e-04  ,5.000128817671e+00  ,3.837901397818e+00  ,3.500090172369e+00  ,-3.930711578610e-01  ,1.350000000000e+01  
  1.483421897301e-04  ,5.000128862216e+00  ,3.837854789381e+00  ,3.500090203551e+00  ,-3.930664767605e-01  ,1.350000000000e+01  
  1.483422237233e-04  ,5.000128942962e+00  ,3.837770270553e+00  ,3.500090260073e+00  ,-3.930580272775e-01  ,1.350000000000e+01  
  1.483422572568e-04  ,5.000129022574e+00  ,3.837686895197e+00  ,3.500090315802e+00  ,-3.930497477817e-01  ,1.350000000000e+01  
  1.483422860696e-04  ,5.000129090946e+00  ,3.837615257058e+00  ,3.500090363662e+00  ,-3.930426195546e-01  ,1.350000000000e+01  
  1.483423121495e-04  ,5.000129152809e+00  ,3.837550413783e+00  ,3.500090406966e+00  ,-3.930361721555e-01  ,1.350000000000e+01  
  1.483423503046e-04  ,5.000129243271e+00  ,3.837455547826e+00  ,3.500090470290e+00  ,-3.930266141253e-01  ,1.350000000000e+01  
  1.483423900197e-04  ,5.000129337375e+00  ,3.837356803500e+00  ,3.500090536163e+00  ,-3.930166795566e-01  ,1.350000000000e+01  
  1.483424694499e-04  ,5.000129525419e+00  ,3.837159315486e+00  ,3.500090667793e+00  ,-3.929969073090e-01  ,1.350000000000e+01  
  1.483425445960e-04  ,5.000129703112e+00  ,3.836972479812e+00  ,3.500090792179e+00  ,-3.929782664150e-01  ,1.350000000000e+01  
  1.483426778217e-04  ,5.000130017649e+00  ,3.836641242723e+00  ,3.500091012355e+00  ,-3.929451508956e-01  ,1.350000000000e+01  
  1.483428613155e-04  ,5.000130449832e+00  ,3.836185028619e+00  ,3.500091314883e+00  ,-3.928994697240e-01  ,1.350000000000e+01  
  1.483430482785e-04  ,5.000130888956e+00  ,3.835720193889e+00  ,3.500091622269e+00  ,-3.928529487251e-01  ,1.350000000000e+01  
  1.483432080935e-04  ,5.000131263333e+00  ,3.835322859439e+00  ,3.500091884333e+00  ,-3.928131810240e-01  ,1.350000000000e+01  
  1.483433526347e-04  ,5.000131601148e+00  ,3.834963501640e+00  ,3.500092120804e+00  ,-3.927772045517e-01  ,1.350000000000e+01  
  1.483436132188e-04  ,5.000132208302e+00  ,3.834315645908e+00  ,3.500092545811e+00  ,-3.927124312807e-01  ,1.350000000000e+01  
  1.483438826970e-04  ,5.000132833647e+00  ,3.833645687489e+00  ,3.500092983553e+00  ,-3.926453669089e-01  ,1.350000000000e+01  
  1.483444216534e-04  ,5.000134076626e+00  ,3.832305799979e+00  ,3.500093853638e+00  ,-3.925112892459e-01  ,1.350000000000e+01  
  1.483453057579e-04  ,5.000136093391e+00  ,3.830107931998e+00  ,3.500095265374e+00  ,-3.922913550158e-01  ,1.350000000000e+01  
  1.483459714672e-04  ,5.000137593782e+00  ,3.828453059886e+00  ,3.500096315647e+00  ,-3.921257503195e-01  ,1.350000000000e+01  
  1.483465255110e-04  ,5.000138830612e+00  ,3.827075820242e+00  ,3.500097181429e+00  ,-3.919879284640e-01  ,1.350000000000e+01  
  1.483469843737e-04  ,5.000139869019e+00  ,3.825975398139e+00  ,3.500097908314e+00  ,-1.119247068951e-01  ,1.350000000000e+01  
  1.483471982053e-04  ,5.000140356073e+00  ,3.825469046463e+00  ,3.500098249251e+00  ,-1.118415975396e-01  ,1.350000000000e+01  
  1.483473376709e-04  ,5.000140673954e+00  ,3.825139751936e+00  ,3.500098471768e+00  ,-1.118439465933e-01  ,1.350000000000e+01  
  1.483476139477e-04  ,5.000141302297e+00  ,3.824487882690e+00  ,3.500098911608e+00  ,-1.118255483374e-01  ,1.350000000000e+01  
  1.483479947190e-04  ,5.000142164341e+00  ,3.823589728405e+00  ,3.500099515039e+00  ,-1.117998508136e-01  ,1.350000000000e+01  
  1.483487562614e-04  ,5.000143874074e+00  ,3.821793744368e+00  ,3.500100711852e+00  ,-1.117484887523e-01  ,1.350000000000e+01  
  1.483494265343e-04  ,5.000145362892e+00  ,3.820213030573e+00  ,3.500101754025e+00  ,-1.117032974898e-01  ,1.350000000000e+01  
  1.483501366678e-04  ,5.000146923961e+00  ,3.818538337994e+00  ,3.500102846773e+00  ,-1.116554161867e-01  ,1.350000000000e+01  
  1.483507146466e-04  ,5.000148182169e+00  ,3.817175321978e+00  ,3.500103727518e+00  ,-1.116164458844e-01  ,1.350000000000e+01  
  1.483512520197e-04  ,5.000149342058e+00  ,3.815908079410e+00  ,3.500104539441e+00  ,-1.115802139116e-01  ,1.350000000000e+01  
  1.483518115583e-04  ,5.000150539643e+00  ,3.814588581516e+00  ,3.500105377750e+00  ,-1.115424825898e-01  ,1.350000000000e+01  
  1.483522110957e-04  ,5.000151388456e+00  ,3.813646406562e+00  ,3.500105971919e+00  ,-1.115155430158e-01  ,1.350000000000e+01  
  1.483526551968e-04  ,5.000152325771e+00  ,3.812599152439e+00  ,3.500106628040e+00  ,-1.114856056591e-01  ,1.350000000000e+01  
  1.483532747126e-04  ,5.000153622479e+00  ,3.811138262412e+00  ,3.500107535736e+00  ,-1.114438333255e-01  ,1.350000000000e+01  
  1.483539985365e-04  ,5.000155121550e+00  ,3.809431426586e+00  ,3.500108585085e+00  ,-1.113950317548e-01  ,1.350000000000e+01  
  1.483545586339e-04  ,5.000156269757e+00  ,3.808110689617e+00  ,3.500109388830e+00  ,-1.113572693835e-01  ,1.350000000000e+01  
  1.483552818059e-04  ,5.000157737099e+00  ,3.806405438568e+00  ,3.500110415969e+00  ,-1.113085129211e-01  ,1.350000000000e+01  
  1.483559224627e-04  ,5.000159022757e+00  ,3.804894781980e+00  ,3.500111315930e+00  ,-1.112653204307e-01  ,1.350000000000e+01  
  1.483566485218e-04  ,5.000160463635e+00  ,3.803182773824e+00  ,3.500112324544e+00  ,-1.112163710927e-01  ,1.350000000000e+01  
  1.483573712281e-04  ,5.000161880847e+00  ,3.801478698094e+00  ,3.500113316593e+00  ,-1.111676483551e-01  ,1.350000000000e+01  
  1.483580062038e-04  ,5.000163112047e+00  ,3.799981505170e+00  ,3.500114178433e+00  ,-1.111248404598e-01  ,1.350000000000e+01  
  1.483583419922e-04  ,5.000163757853e+00  ,3.799189766802e+00  ,3.500114630497e+00  ,-1.111022043030e-01  ,1.350000000000e+01  
  1.483583967889e-04  ,5.000163862894e+00  ,3.799060565003e+00  ,3.500114704026e+00  ,-1.110985076240e-01  ,1.350000000000e+01  
  1.483584178251e-04  ,5.000163903193e+00  ,3.799010964948e+00  ,3.500114732235e+00  ,-1.110970857157e-01  ,1.350000000000e+01  
  1.483584598976e-04  ,5.000163983748e+00  ,3.798911764907e+00  ,3.500114788624e+00  ,-1.110942483167e-01  ,1.350000000000e+01  
  1.483585140482e-04  ,5.000164087346e+00  ,3.798784086846e+00  ,3.500114861142e+00  ,-1.110905951065e-01  ,1.350000000000e+01  
  1.483586223494e-04  ,5.000164294257e+00  ,3.798528731174e+00  ,3.500115005980e+00  ,-1.110832956908e-01  ,1.350000000000e+01  
  1.483587977407e-04  ,5.000164628539e+00  ,3.798115189661e+00  ,3.500115239978e+00  ,-1.110714714116e-01  ,1.350000000000e+01  
  1.483589295228e-04  ,5.000164879053e+00  ,3.797804471866e+00  ,3.500115415337e+00  ,-1.110625935973e-01  ,1.350000000000e+01  
  1.483590529929e-04  ,5.000165113256e+00  ,3.797513353155e+00  ,3.500115579279e+00  ,-1.110542760946e-01  ,1.350000000000e+01  
  1.483592979308e-04  ,5.000165576411e+00  ,3.796935839184e+00  ,3.500115903488e+00  ,-1.110377629398e-01  ,1.350000000000e+01  
  1.483594878740e-04  ,5.000165934244e+00  ,3.796487993488e+00  ,3.500116153971e+00  ,-1.110249516907e-01  ,1.350000000000e+01  
  1.483596582362e-04  ,5.000166254200e+00  ,3.796086317327e+00  ,3.500116377940e+00  ,-1.110134632670e-01  ,1.350000000000e+01  
  1.483598133713e-04  ,5.000166544744e+00  ,3.795720544632e+00  ,3.500116581321e+00  ,-1.110030125426e-01  ,1.350000000000e+01  
  1.483601053874e-04  ,5.000167089544e+00  ,3.795032041128e+00  ,3.500116962681e+00  ,-1.109833263468e-01  ,1.350000000000e+01  
  1.483604069031e-04  ,5.000167649190e+00  ,3.794321144710e+00  ,3.500117354433e+00  ,-1.109629972441e-01  ,1.350000000000e+01  
  1.483610099345e-04  ,5.000168759719e+00  ,3.792899365847e+00  ,3.500118131803e+00  ,-1.109223443016e-01  ,1.350000000000e+01  
  1.483617065638e-04  ,5.000170028101e+00  ,3.791256932537e+00  ,3.500119019670e+00  ,-1.108753854411e-01  ,1.350000000000e+01  
  1.483625135548e-04  ,5.000171478005e+00  ,3.789354331996e+00  ,3.500120034603e+00  ,-1.108209865721e-01  ,1.350000000000e+01  
  1.483631148166e-04  ,5.000172544753e+00  ,3.787936790041e+00  ,3.500120781327e+00  ,-1.107804567719e-01  ,1.350000000000e+01  
  1.483636154957e-04  ,5.000173424249e+00  ,3.786756397501e+00  ,3.500121396974e+00  ,-1.107467051323e-01  ,1.350000000000e+01  
  1.483640862792e-04  ,5.000174243948e+00  ,3.785646497714e+00  ,3.500121970764e+00  ,-1.107149693862e-01  ,1.350000000000e+01  
  1.483645508229e-04  ,5.000175045870e+00  ,3.784551319906e+00  ,3.500122532109e+00  ,-1.106836591272e-01  ,1.350000000000e+01  
  1.483649119898e-04  ,5.000175664602e+00  ,3.783699864134e+00  ,3.500122965222e+00  ,-1.106593144669e-01  ,1.350000000000e+01  
  1.483653211198e-04  ,5.000176360503e+00  ,3.782735342766e+00  ,3.500123452352e+00  ,-1.106317377966e-01  ,1.350000000000e+01  
  1.483661393798e-04  ,5.000177736400e+00  ,3.780806325795e+00  ,3.500124415480e+00  ,-1.105765791513e-01  ,1.350000000000e+01  
  1.483668998047e-04  ,5.000178996069e+00  ,3.779013683754e+00  ,3.500125297248e+00  ,-1.105253245736e-01  ,1.350000000000e+01  
  1.483675209037e-04  ,5.000180011398e+00  ,3.777549513516e+00  ,3.500126007978e+00  ,-1.104834606747e-01  ,1.350000000000e+01  
  1.483681906178e-04  ,5.000181092581e+00  ,3.775970761047e+00  ,3.500126764807e+00  ,-1.104383206242e-01  ,1.350000000000e+01  
  1.483689589589e-04  ,5.000182315609e+00  ,3.774159538140e+00  ,3.500127620926e+00  ,-1.103865336587e-01  ,1.350000000000e+01  
  1.483701128676e-04  ,5.000184117597e+00  ,3.771439467600e+00  ,3.500128882318e+00  ,-1.103087609215e-01  ,1.350000000000e+01  
  1.483712956473e-04  ,5.000185921443e+00  ,3.768651411393e+00  ,3.500130145010e+00  ,-1.102290441417e-01  ,1.350000000000e+01  
  1.483736612066e-04  ,5.000189398446e+00  ,3.763075514652e+00  ,3.500132578912e+00  ,-1.100696167691e-01  ,1.350000000000e+01  
  1.483753858298e-04  ,5.000191823948e+00  ,3.759010559911e+00  ,3.500134276764e+00  ,-1.099533903473e-01  ,1.350000000000e+01  
  1.483768310561e-04  ,5.000193785727e+00  ,3.755604264079e+00  ,3.500135650009e+00  ,-1.098559963741e-01  ,1.350000000000e+01  
  1.483780270606e-04  ,5.000195360570e+00  ,3.752785447860e+00  ,3.500136752399e+00  ,-1.097753997213e-01  ,1.350000000000e+01  
  1.483787577763e-04  ,5.000196301117e+00  ,3.751063288783e+00  ,3.500137410782e+00  ,-1.097261587648e-01  ,1.350000000000e+01  
  1.483793098643e-04  ,5.000197000886e+00  ,3.749762139663e+00  ,3.500137900620e+00  ,-1.096889554195e-01  ,1.350000000000e+01  
  1.483797138720e-04  ,5.000197507053e+00  ,3.748809992912e+00  ,3.500138254937e+00  ,-1.096617307262e-01  ,1.350000000000e+01  
  1.483802691265e-04  ,5.000198194571e+00  ,3.747501408437e+00  ,3.500138736200e+00  ,-1.096243155423e-01  ,1.350000000000e+01  
  1.483808783046e-04  ,5.000198938029e+00  ,3.746065758964e+00  ,3.500139256620e+00  ,-1.095832665868e-01  ,1.350000000000e+01  
  1.483820966608e-04  ,5.000200391031e+00  ,3.743194517359e+00  ,3.500140273722e+00  ,-1.095011719282e-01  ,1.350000000000e+01  
  1.483825144056e-04  ,5.000200878835e+00  ,3.742210055968e+00  ,3.500140615184e+00  ,-1.094730228448e-01  ,1.350000000000e+01  
  1.483830620232e-04  ,5.000201510264e+00  ,3.740919548357e+00  ,3.500141057185e+00  ,-1.094361241432e-01  ,1.350000000000e+01  
  1.483836380463e-04  ,5.000202164630e+00  ,3.739562117826e+00  ,3.500141515241e+00  ,-1.093973146036e-01  ,1.350000000000e+01  
  1.483842708799e-04  ,5.000202871946e+00  ,3.738070829462e+00  ,3.500142010362e+00  ,-1.093546745149e-01  ,1.350000000000e+01  
  1.483848534222e-04  ,5.000203512341e+00  ,3.736698072328e+00  ,3.500142458639e+00  ,-1.093154241389e-01  ,1.350000000000e+01  
  1.483853307250e-04  ,5.000204029401e+00  ,3.735573324326e+00  ,3.500142820581e+00  ,-1.092832649597e-01  ,1.350000000000e+01  
  1.483857994597e-04  ,5.000204530486e+00  ,3.734468778354e+00  ,3.500143171340e+00  ,-1.092516833830e-01  ,1.350000000000e+01  
  1.483862467274e-04  ,5.000205002444e+00  ,3.733414828648e+00  ,3.500143501711e+00  ,-1.092215486071e-01  ,1.350000000000e+01  
  1.483866052400e-04  ,5.000205376396e+00  ,3.732570030393e+00  ,3.500143763477e+00  ,-1.091973937728e-01  ,1.350000000000e+01  
  1.483870125539e-04  ,5.000205796556e+00  ,3.731610244914e+00  ,3.500144057589e+00  ,-1.091699511874e-01  ,1.350000000000e+01  
  1.483878271818e-04  ,5.000206621912e+00  ,3.729690699629e+00  ,3.500144635338e+00  ,-1.091150665582e-01  ,1.350000000000e+01  
  1.483885211102e-04  ,5.000207309265e+00  ,3.728055590938e+00  ,3.500145116485e+00  ,-1.090683147628e-01  ,1.350000000000e+01  
  1.483892414882e-04  ,5.000208007540e+00  ,3.726358185237e+00  ,3.500145605278e+00  ,-1.090197819697e-01  ,1.350000000000e+01  
  1.483898861497e-04  ,5.000208619251e+00  ,3.724839210884e+00  ,3.500146033476e+00  ,-1.089763506549e-01  ,1.350000000000e+01  
  1.483905607067e-04  ,5.000209246024e+00  ,3.723249818762e+00  ,3.500146472217e+00  ,-1.089309062523e-01  ,1.350000000000e+01  
  1.483919098205e-04  ,5.000210458839e+00  ,3.720071104995e+00  ,3.500147321187e+00  ,-1.088400184619e-01  ,1.350000000000e+01  
  1.483932846389e-04  ,5.000211639006e+00  ,3.716831924276e+00  ,3.500148147304e+00  ,-1.087474021713e-01  ,1.350000000000e+01  
  1.483960342757e-04  ,5.000213831171e+00  ,3.710353855810e+00  ,3.500149681820e+00  ,-1.085621773744e-01  ,1.350000000000e+01  
  1.484010753385e-04  ,5.000217271296e+00  ,3.698478266015e+00  ,3.500152089907e+00  ,-1.082226230590e-01  ,1.350000000000e+01  
  1.484111574642e-04  ,5.000221929047e+00  ,3.674731034291e+00  ,3.500155350333e+00  ,-1.075436243936e-01  ,1.350000000000e+01  
  1.484253746621e-04  ,5.000223549492e+00  ,3.641253106944e+00  ,3.500156484645e+00  ,-1.065863935635e-01  ,1.350000000000e+01  
  1.484422099940e-04  ,5.000218082420e+00  ,3.601623734911e+00  ,3.500152657694e+00  ,-1.054532656775e-01  ,1.350000000000e+01  
  1.484526780597e-04  ,5.000210723398e+00  ,3.576989993208e+00  ,3.500147506379e+00  ,-1.047489047699e-01  ,1.350000000000e+01  
  1.484656152479e-04  ,5.000197473637e+00  ,3.546553768538e+00  ,3.500138231546e+00  ,-1.038786260482e-01  ,1.350000000000e+01  
  1.484759506933e-04  ,5.000183631250e+00  ,3.522244758419e+00  ,3.500128541875e+00  ,-1.031835414791e-01  ,1.350000000000e+01  
  1.484884155146e-04  ,5.000163111627e+00  ,3.492934922742e+00  ,3.500114178139e+00  ,-1.023454593450e-01  ,1.350000000000e+01  
  1.484992948524e-04  ,5.000141814753e+00  ,3.467359900755e+00  ,3.500099270327e+00  ,-1.016141653157e-01  ,1.350000000000e+01  
  1.485128310672e-04  ,5.000110929352e+00  ,3.435547859036e+00  ,3.500077650546e+00  ,-1.007045233905e-01  ,1.350000000000e+01  
  1.485238549463e-04  ,5.000082206292e+00  ,3.409647344781e+00  ,3.500057544404e+00  ,-9.996391164603e-02  ,1.350000000000e+01  
  1.485328373663e-04  ,5.000056440772e+00  ,3.388547995782e+00  ,3.500039508540e+00  ,-9.936058324468e-02  ,1.350000000000e+01  
  1.485384066753e-04  ,5.000039403168e+00  ,3.375468065328e+00  ,3.500027582218e+00  ,-9.898656565644e-02  ,1.350000000000e+01  
  1.485426102928e-04  ,5.000026006065e+00  ,3.365596655590e+00  ,3.500018204245e+00  ,-9.870429415716e-02  ,1.350000000000e+01  
  1.485506837420e-04  ,4.999998981624e+00  ,3.346640313977e+00  ,3.499999287137e+00  ,-9.816223828066e-02  ,1.350000000000e+01  
  1.485610594205e-04  ,4.999961758389e+00  ,3.322283487423e+00  ,3.499973230872e+00  ,-9.746575175525e-02  ,1.350000000000e+01  
  1.485762496642e-04  ,4.999902216111e+00  ,3.286634904484e+00  ,3.499931551277e+00  ,-9.644636784338e-02  ,1.350000000000e+01  
  1.485962500028e-04  ,4.999814705951e+00  ,3.239716870371e+00  ,3.499870294166e+00  ,-9.510471467093e-02  ,1.350000000000e+01  
  1.485987500451e-04  ,4.999803039202e+00  ,3.233853628980e+00  ,3.499862127441e+00  ,-9.493704981194e-02  ,1.350000000000e+01  
  1.486037501297e-04  ,4.999779221431e+00  ,3.222128157421e+00  ,3.499845455002e+00  ,-9.460174867430e-02  ,1.350000000000e+01  
  1.486137502990e-04  ,4.999729651128e+00  ,3.198681266058e+00  ,3.499810755790e+00  ,-9.393125922395e-02  ,1.350000000000e+01  
  1.486195543013e-04  ,4.999699379422e+00  ,3.184623623290e+00  ,3.499789565595e+00  ,-3.276836602172e-01  ,1.350000000000e+01  
  1.486224257551e-04  ,4.999684028317e+00  ,3.177608284865e+00  ,3.499778819822e+00  ,-3.269958691523e-01  ,1.350000000000e+01  
  1.486237381748e-04  ,4.999676933680e+00  ,3.174395083294e+00  ,3.499773853576e+00  ,-3.266715010253e-01  ,1.350000000000e+01  
  1.486245040014e-04  ,4.999672771776e+00  ,3.172519258125e+00  ,3.499770940243e+00  ,-3.264837623279e-01  ,1.350000000000e+01  
  1.486248814664e-04  ,4.999670714535e+00  ,3.171594589107e+00  ,3.499769500175e+00  ,-3.263912176669e-01  ,1.350000000000e+01  
  1.486251492217e-04  ,4.999669252886e+00  ,3.170938664240e+00  ,3.499768477020e+00  ,-3.263255685198e-01  ,1.350000000000e+01  
  1.486254415173e-04  ,4.999667655061e+00  ,3.170222627137e+00  ,3.499767358543e+00  ,-3.262539050624e-01  ,1.350000000000e+01  
  1.486257934641e-04  ,4.999665728093e+00  ,3.169360473732e+00  ,3.499766009665e+00  ,-3.261676167803e-01  ,1.350000000000e+01  
  1.486261842470e-04  ,4.999663584576e+00  ,3.168403204350e+00  ,3.499764509203e+00  ,-3.260718135816e-01  ,1.350000000000e+01  
  1.486266002222e-04  ,4.999661298349e+00  ,3.167384246343e+00  ,3.499762908844e+00  ,-3.259698305648e-01  ,1.350000000000e+01  
  1.486272866070e-04  ,4.999657515727e+00  ,3.165702954420e+00  ,3.499760261009e+00  ,-3.258015792144e-01  ,1.350000000000e+01  
  1.486280344590e-04  ,4.999653379900e+00  ,3.163871172089e+00  ,3.499757365930e+00  ,-3.256182483722e-01  ,1.350000000000e+01  
  1.486286102958e-04  ,4.999650185088e+00  ,3.162460774417e+00  ,3.499755129562e+00  ,-3.254770936811e-01  ,1.350000000000e+01  
  1.486291640602e-04  ,4.999647104303e+00  ,3.161104481170e+00  ,3.499752973012e+00  ,-3.253413537998e-01  ,1.350000000000e+01  
  1.486298250198e-04  ,4.999643416330e+00  ,3.159485697444e+00  ,3.499750391431e+00  ,-3.251793431331e-01  ,1.350000000000e+01  
  1.486305430695e-04  ,4.999639396465e+00  ,3.157727159486e+00  ,3.499747577525e+00  ,-3.250033455543e-01  ,1.350000000000e+01  
  1.486310184165e-04  ,4.999636727680e+00  ,3.156563050557e+00  ,3.499745709376e+00  ,-3.248868402106e-01  ,1.350000000000e+01  
  1.486312762532e-04  ,4.999635277536e+00  ,3.155931630131e+00  ,3.499744694275e+00  ,-3.248236485869e-01  ,1.350000000000e+01  
  1.486313861958e-04  ,4.999634658644e+00  ,3.155662392570e+00  ,3.499744261051e+00  ,-3.247967082622e-01  ,1.350000000000e+01  
  1.486314658239e-04  ,4.999634210196e+00  ,3.155467393077e+00  ,3.499743947137e+00  ,-3.247771970093e-01  ,1.350000000000e+01  
  1.486315554870e-04  ,4.999633705028e+00  ,3.155247820120e+00  ,3.499743593520e+00  ,-3.247552251487e-01  ,1.350000000000e+01  
  1.486317346036e-04  ,4.999632695225e+00  ,3.154809190641e+00  ,3.499742886658e+00  ,-3.247113168687e-01  ,1.350000000000e+01  
  1.486320928368e-04  ,4.999630673026e+00  ,3.153931944794e+00  ,3.499741471118e+00  ,-3.246235164543e-01  ,1.350000000000e+01  
  1.486328093033e-04  ,4.999626618254e+00  ,3.152177505549e+00  ,3.499738632778e+00  ,-3.244479265541e-01  ,1.350000000000e+01  
  1.486333517055e-04  ,4.999623539384e+00  ,3.150849350558e+00  ,3.499736477569e+00  ,-3.243150027659e-01  ,1.350000000000e+01  
  1.486336358986e-04  ,4.999621923038e+00  ,3.150153476285e+00  ,3.499735346126e+00  ,-3.242453612648e-01  ,1.350000000000e+01  
  1.486337539438e-04  ,4.999621251017e+00  ,3.149864434577e+00  ,3.499734875712e+00  ,-3.242164415679e-01  ,1.350000000000e+01  
  1.486338086997e-04  ,4.999620939169e+00  ,3.149730361486e+00  ,3.499734657418e+00  ,-3.242030378157e-01  ,1.350000000000e+01  
  1.486338610924e-04  ,4.999620640704e+00  ,3.149602075285e+00  ,3.499734448493e+00  ,-3.241902031763e-01  ,1.350000000000e+01  
  1.486339588114e-04  ,4.999620083832e+00  ,3.149362806342e+00  ,3.499734058683e+00  ,-3.241662452246e-01  ,1.350000000000e+01  
  1.486341304775e-04  ,4.999619104937e+00  ,3.148942478325e+00  ,3.499733373456e+00  ,-3.241241719730e-01  ,1.350000000000e+01  
  1.486344738095e-04  ,4.999617144763e+00  ,3.148101834336e+00  ,3.499732001334e+00  ,-3.240400296567e-01  ,1.350000000000e+01  
  1.486347192130e-04  ,4.999616258679e+00  ,3.148572861330e+00  ,3.499731381075e+00  ,1.329074116183e+01  ,1.350000000000e+01  
  1.486348337774e-04  ,4.999615990651e+00  ,3.148951963944e+00  ,3.499731193456e+00  ,1.331559864334e+01  ,1.350000000000e+01  
  1.486348868162e-04  ,4.999615890534e+00  ,3.149145210000e+00  ,3.499731123374e+00  ,1.331107299438e+01  ,1.350000000000e+01  
  1.486349372124e-04  ,4.999615803521e+00  ,3.149332412975e+00  ,3.499731062465e+00  ,1.331103518825e+01  ,1.350000000000e+01  
  1.486350380048e-04  ,4.999615638940e+00  ,3.149708914451e+00  ,3.499730947258e+00  ,1.331101742834e+01  ,1.350000000000e+01  
  1.486352395895e-04  ,4.999615320818e+00  ,3.150463590522e+00  ,3.499730724573e+00  ,1.331097220332e+01  ,1.350000000000e+01  
  1.486353811506e-04  ,4.999615100638e+00  ,3.150994107378e+00  ,3.499730570447e+00  ,1.331094036855e+01  ,1.350000000000e+01  
  1.486355175660e-04  ,4.999614889264e+00  ,3.151505486316e+00  ,3.499730422485e+00  ,1.331090968579e+01  ,1.350000000000e+01  
  1.486357411533e-04  ,4.999614544286e+00  ,3.152343713134e+00  ,3.499730181000e+00  ,1.331085939218e+01  ,1.350000000000e+01  
  1.486361252773e-04  ,4.999613957071e+00  ,3.153783823079e+00  ,3.499729769950e+00  ,1.331077298559e+01  ,1.350000000000e+01  
  1.486368935253e-04  ,4.999612804638e+00  ,3.156664019401e+00  ,3.499728963247e+00  ,1.331060017381e+01  ,1.350000000000e+01  
  1.486376659642e-04  ,4.999611675502e+00  ,3.159559863353e+00  ,3.499728172852e+00  ,1.331042642317e+01  ,1.350000000000e+01  
  1.486382606137e-04  ,4.999610826413e+00  ,3.161789130605e+00  ,3.499727578489e+00  ,1.331029266713e+01  ,1.350000000000e+01  
  1.486387307453e-04  ,4.999610167510e+00  ,3.163551563015e+00  ,3.499727117257e+00  ,1.331018692119e+01  ,1.350000000000e+01  
  1.486391971517e-04  ,4.999609524624e+00  ,3.165300000704e+00  ,3.499726667237e+00  ,1.331008201492e+01  ,1.350000000000e+01  
  1.486395426724e-04  ,4.999609055291e+00  ,3.166595250085e+00  ,3.499726338704e+00  ,1.331000429996e+01  ,1.350000000000e+01  
  1.486397060729e-04  ,4.999608835390e+00  ,3.167207782202e+00  ,3.499726184773e+00  ,1.330996754804e+01  ,1.350000000000e+01  
  1.486398056895e-04  ,4.999608701974e+00  ,3.167581208562e+00  ,3.499726091382e+00  ,1.330994514245e+01  ,1.350000000000e+01  
  1.486398815923e-04  ,4.999608600646e+00  ,3.167865739605e+00  ,3.499726020452e+00  ,1.330992807059e+01  ,1.350000000000e+01  
  1.486400320474e-04  ,4.999608400633e+00  ,3.168429737172e+00  ,3.499725880443e+00  ,1.330989423074e+01  ,1.350000000000e+01  
  1.486402594997e-04  ,4.999608100378e+00  ,3.169282360901e+00  ,3.499725670265e+00  ,1.330984307331e+01  ,1.350000000000e+01  
  1.486404665327e-04  ,4.999607829292e+00  ,3.170058435277e+00  ,3.499725480504e+00  ,1.330979650885e+01  ,1.350000000000e+01  
  1.486408805987e-04  ,4.999607293446e+00  ,3.171610566576e+00  ,3.499725105412e+00  ,1.330970338097e+01  ,1.350000000000e+01  
  1.486413215334e-04  ,4.999606732094e+00  ,3.173263389763e+00  ,3.499724712465e+00  ,1.330960421158e+01  ,1.350000000000e+01  
  1.486416958319e-04  ,4.999606263068e+00  ,3.174666409795e+00  ,3.499724384148e+00  ,1.330952003038e+01  ,1.350000000000e+01  
  1.486420340417e-04  ,4.999605845177e+00  ,3.175934138463e+00  ,3.499724091624e+00  ,1.330944396666e+01  ,1.350000000000e+01  
  1.486425301573e-04  ,4.999605242321e+00  ,3.177793725022e+00  ,3.499723669624e+00  ,1.330933239146e+01  ,1.350000000000e+01  
  1.486432830384e-04  ,4.999604350465e+00  ,3.180615680668e+00  ,3.499723045326e+00  ,1.330916307412e+01  ,1.350000000000e+01  
  1.486440516590e-04  ,4.999603468549e+00  ,3.183496551301e+00  ,3.499722427984e+00  ,1.330899022189e+01  ,1.350000000000e+01  
  1.486445458187e-04  ,4.999602916771e+00  ,3.185348671735e+00  ,3.499722041740e+00  ,1.330887909466e+01  ,1.350000000000e+01  
  1.486451535067e-04  ,4.999602254543e+00  ,3.187626252704e+00  ,3.499721578180e+00  ,1.330874243980e+01  ,1.350000000000e+01  
  1.486457533716e-04  ,4.999601618459e+00  ,3.189874463906e+00  ,3.499721132922e+00  ,1.330860754713e+01  ,1.350000000000e+01  
  1.486464091158e-04  ,4.999600943129e+00  ,3.192332047350e+00  ,3.499720660190e+00  ,1.330846009212e+01  ,1.350000000000e+01  
  1.486474130815e-04  ,4.999599949567e+00  ,3.196094574369e+00  ,3.499719964697e+00  ,1.330823434050e+01  ,1.350000000000e+01  
  1.486483993521e-04  ,4.999599021014e+00  ,3.199790652658e+00  ,3.499719314710e+00  ,1.330801257580e+01  ,1.350000000000e+01  
  1.486503718934e-04  ,4.999597304651e+00  ,3.207182412756e+00  ,3.499718113256e+00  ,1.330756907019e+01  ,1.350000000000e+01  
  1.486525333068e-04  ,4.999595638624e+00  ,3.215281332004e+00  ,3.499716947037e+00  ,1.330708313504e+01  ,1.350000000000e+01  
  1.486538650981e-04  ,4.999594723512e+00  ,3.220271301321e+00  ,3.499716306458e+00  ,1.330678373688e+01  ,1.350000000000e+01  
  1.486553613609e-04  ,4.999593796456e+00  ,3.225877226787e+00  ,3.499715657519e+00  ,1.330644738135e+01  ,1.350000000000e+01  
  1.486563155940e-04  ,4.999593260861e+00  ,3.229452214852e+00  ,3.499715282602e+00  ,1.330623288206e+01  ,1.350000000000e+01  
  1.486564521958e-04  ,4.999593187731e+00  ,3.229963976510e+00  ,3.499715231412e+00  ,1.330620217636e+01  ,1.350000000000e+01  
  1.486566385767e-04  ,4.999593089382e+00  ,3.230662225710e+00  ,3.499715162568e+00  ,1.330616028141e+01  ,1.350000000000e+01  
  1.486568499171e-04  ,4.999592979857e+00  ,3.231453976146e+00  ,3.499715085900e+00  ,1.330611277638e+01  ,1.350000000000e+01  
  1.486571231205e-04  ,4.999592841411e+00  ,3.232477477072e+00  ,3.499714988988e+00  ,1.330605136633e+01  ,1.350000000000e+01  
  1.486576089915e-04  ,4.999592603934e+00  ,3.234297668229e+00  ,3.499714822754e+00  ,1.330594215486e+01  ,1.350000000000e+01  
  1.486580641754e-04  ,4.999592391598e+00  ,3.236002868978e+00  ,3.499714674118e+00  ,1.330583984281e+01  ,1.350000000000e+01  
  1.486587906070e-04  ,4.999592073026e+00  ,3.238724153996e+00  ,3.499714451118e+00  ,1.330567656571e+01  ,1.350000000000e+01  
  1.486596084945e-04  ,4.999591744186e+00  ,3.241787955913e+00  ,3.499714220930e+00  ,1.330549273760e+01  ,1.350000000000e+01  
  1.486601267755e-04  ,4.999591552139e+00  ,3.243729386566e+00  ,3.499714086497e+00  ,1.330537625176e+01  ,1.350000000000e+01  
  1.486607527174e-04  ,4.999591337075e+00  ,3.246074055800e+00  ,3.499713935952e+00  ,1.330523557160e+01  ,1.350000000000e+01  
  1.486613073200e-04  ,4.999591161926e+00  ,3.248151455877e+00  ,3.499713813348e+00  ,1.330511092760e+01  ,1.350000000000e+01  
  1.486619548686e-04  ,4.999590975724e+00  ,3.250576955013e+00  ,3.499713683007e+00  ,1.330496539765e+01  ,1.350000000000e+01  
  1.486629251205e-04  ,4.999590733561e+00  ,3.254211085228e+00  ,3.499713513492e+00  ,1.330474734983e+01  ,1.350000000000e+01  
  1.486638812162e-04  ,4.999590538098e+00  ,3.257792067674e+00  ,3.499713376669e+00  ,1.330453249089e+01  ,1.350000000000e+01  
  1.486657934078e-04  ,4.999590275311e+00  ,3.264953659268e+00  ,3.499713192718e+00  ,1.330410279539e+01  ,1.350000000000e+01  
  1.486677622237e-04  ,4.999590182890e+00  ,3.272326802024e+00  ,3.499713128023e+00  ,1.330366040682e+01  ,1.350000000000e+01  
  1.486704902538e-04  ,4.999590352062e+00  ,3.282542301225e+00  ,3.499713246443e+00  ,1.330304747687e+01  ,1.350000000000e+01  
  1.486731348373e-04  ,4.999590844730e+00  ,3.292444355371e+00  ,3.499713591311e+00  ,1.330245335362e+01  ,1.350000000000e+01  
  1.486784240045e-04  ,4.999592793781e+00  ,3.312245604258e+00  ,3.499714955646e+00  ,1.330126527868e+01  ,1.350000000000e+01  
  1.486845006980e-04  ,4.999596608387e+00  ,3.334990435787e+00  ,3.499717625871e+00  ,1.329990058878e+01  ,1.350000000000e+01  
  1.486966540851e-04  ,4.999609228422e+00  ,3.380464978969e+00  ,3.499726459895e+00  ,1.329717211618e+01  ,1.350000000000e+01  
  1.487101306953e-04  ,4.999630906866e+00  ,3.430867051832e+00  ,3.499741634806e+00  ,1.329414799180e+01  ,1.350000000000e+01  
  1.487204273977e-04  ,4.999652835587e+00  ,3.469359627538e+00  ,3.499756984911e+00  ,1.329183843725e+01  ,1.350000000000e+01  
  1.487319027819e-04  ,4.999682695738e+00  ,3.512241403064e+00  ,3.499777887016e+00  ,1.328926553071e+01  ,1.350000000000e+01  
  1.487421398797e-04  ,4.999714116286e+00  ,3.550480647538e+00  ,3.499799881400e+00  ,1.328697117603e+01  ,1.350000000000e+01  
  1.487508764305e-04  ,4.999744472465e+00  ,3.583103430919e+00  ,3.499821130725e+00  ,1.328501380902e+01  ,1.350000000000e+01  
  1.487585505285e-04  ,4.999773811525e+00  ,3.611750302025e+00  ,3.499841668067e+00  ,1.328329499675e+01  ,1.350000000000e+01  
  1.487658811547e-04  ,4.999804164629e+00  ,3.639107455184e+00  ,3.499862915240e+00  ,1.328165356755e+01  ,1.350000000000e+01  
  1.487754432299e-04  ,4.999847153368e+00  ,3.674781031469e+00  ,3.499893007358e+00  ,1.327951315297e+01  ,1.350000000000e+01  
  1.487843973376e-04  ,4.999890881517e+00  ,3.708175021275e+00  ,3.499923617062e+00  ,1.327750951357e+01  ,1.350000000000e+01  
  1.487921742537e-04  ,4.999931574715e+00  ,3.737169749020e+00  ,3.499952102301e+00  ,1.327576982990e+01  ,1.350000000000e+01  
  1.487956540473e-04  ,4.999950598724e+00  ,3.750140784725e+00  ,3.499965419107e+00  ,1.327499156775e+01  ,1.350000000000e+01  
  1.487966507487e-04  ,4.999956140517e+00  ,3.753855711421e+00  ,3.499969298362e+00  ,1.327476867215e+01  ,1.350000000000e+01  
  1.487975719199e-04  ,4.999961299065e+00  ,3.757288998180e+00  ,3.499972909346e+00  ,1.327456267494e+01  ,1.350000000000e+01  
  1.487981797010e-04  ,4.999964721933e+00  ,3.759554188237e+00  ,3.499975305353e+00  ,1.327442676354e+01  ,1.350000000000e+01  
  1.487985580974e-04  ,4.999966860712e+00  ,3.760964439396e+00  ,3.499976802499e+00  ,1.327434214847e+01  ,1.350000000000e+01  
  1.487988822442e-04  ,4.999968697589e+00  ,3.762172491396e+00  ,3.499978088312e+00  ,1.327426966535e+01  ,1.350000000000e+01  
  1.487993108854e-04  ,4.999971133311e+00  ,3.763769957789e+00  ,3.499979793318e+00  ,1.327417381737e+01  ,1.350000000000e+01  
  1.487997214124e-04  ,4.999973473250e+00  ,3.765299892036e+00  ,3.499981431275e+00  ,1.327408202131e+01  ,1.350000000000e+01  
  1.488001165726e-04  ,4.999975732206e+00  ,3.766772535887e+00  ,3.499983012544e+00  ,1.327399366268e+01  ,1.350000000000e+01  
  1.488009068929e-04  ,4.999980269554e+00  ,3.769717758887e+00  ,3.499986188687e+00  ,1.327381694930e+01  ,1.350000000000e+01  
  1.488016988896e-04  ,4.999984842518e+00  ,3.772669142568e+00  ,3.499989389762e+00  ,1.327363986628e+01  ,1.350000000000e+01  
  1.488025175222e-04  ,4.999989596615e+00  ,3.775719693850e+00  ,3.499992717631e+00  ,1.327345683320e+01  ,1.350000000000e+01  
  1.488032758981e-04  ,4.999994025574e+00  ,3.778545622512e+00  ,3.499995817902e+00  ,1.327328727748e+01  ,1.350000000000e+01  
  1.488043968380e-04  ,5.000000615581e+00  ,3.782722423730e+00  ,3.500000430907e+00  ,1.327303666940e+01  ,1.350000000000e+01  
  1.488058780134e-04  ,5.000009403263e+00  ,3.788241254040e+00  ,3.500006582284e+00  ,1.327270553959e+01  ,1.350000000000e+01  
  1.488088403643e-04  ,5.000027251162e+00  ,3.799278005028e+00  ,3.500019075813e+00  ,1.327204333452e+01  ,1.350000000000e+01  
  1.488114726544e-04  ,5.000043415153e+00  ,3.809084039727e+00  ,3.500030390607e+00  ,1.327145497244e+01  ,1.350000000000e+01  
  1.488137748838e-04  ,5.000057787241e+00  ,3.817659718284e+00  ,3.500040451069e+00  ,1.327094043172e+01  ,1.350000000000e+01  
  1.488156297058e-04  ,5.000069525640e+00  ,3.824568295696e+00  ,3.500048667948e+00  ,1.327052591708e+01  ,1.350000000000e+01  
  1.488164737635e-04  ,5.000074914387e+00  ,3.827711964074e+00  ,3.500052440071e+00  ,1.327033729697e+01  ,1.350000000000e+01  
  1.488169572130e-04  ,5.000078014144e+00  ,3.829512513588e+00  ,3.500054609901e+00  ,1.327022926400e+01  ,1.350000000000e+01  
  1.488172879257e-04  ,5.000080140150e+00  ,3.830744194313e+00  ,3.500056098105e+00  ,1.327015536316e+01  ,1.350000000000e+01  
  1.488176811301e-04  ,5.000082673764e+00  ,3.832208594791e+00  ,3.500057871634e+00  ,1.327006749913e+01  ,1.350000000000e+01  
  1.488181765937e-04  ,5.000085875373e+00  ,3.834053806052e+00  ,3.500060112761e+00  ,1.326995678645e+01  ,1.350000000000e+01  
  1.488185927086e-04  ,5.000088572072e+00  ,3.835603479792e+00  ,3.500062000450e+00  ,1.326986380603e+01  ,1.350000000000e+01  
  1.488189603482e-04  ,5.000090960564e+00  ,3.836972604238e+00  ,3.500063672395e+00  ,1.326978165856e+01  ,1.350000000000e+01  
  1.488192944602e-04  ,5.000093136071e+00  ,3.838216852473e+00  ,3.500065195250e+00  ,1.326970700367e+01  ,1.350000000000e+01  
  1.488195681759e-04  ,5.000094921752e+00  ,3.839236170736e+00  ,3.500066445226e+00  ,1.326964584457e+01  ,1.350000000000e+01  
  1.488197122049e-04  ,5.000095862617e+00  ,3.839772531218e+00  ,3.500067103832e+00  ,1.326961366294e+01  ,1.350000000000e+01  
  1.488197444578e-04  ,5.000096073425e+00  ,3.839892639677e+00  ,3.500067251398e+00  ,1.326960645644e+01  ,1.350000000000e+01  
  1.488197656599e-04  ,5.000096212028e+00  ,3.839971595574e+00  ,3.500067348420e+00  ,1.326960171909e+01  ,1.350000000000e+01  
  1.488197972958e-04  ,5.000096418874e+00  ,3.840089406110e+00  ,3.500067493211e+00  ,1.326959465045e+01  ,1.350000000000e+01  
  1.488198605675e-04  ,5.000096832687e+00  ,3.840325026768e+00  ,3.500067782881e+00  ,1.326958051321e+01  ,1.350000000000e+01  
  1.488199478441e-04  ,5.000097403769e+00  ,3.840650039303e+00  ,3.500068182638e+00  ,1.326956101245e+01  ,1.350000000000e+01  
  1.488200430834e-04  ,5.000098027313e+00  ,3.841004703640e+00  ,3.500068619119e+00  ,1.326953973260e+01  ,1.350000000000e+01  
  1.488201236312e-04  ,5.000098554962e+00  ,3.841304656522e+00  ,3.500068988473e+00  ,1.326952173542e+01  ,1.350000000000e+01  
  1.488201685151e-04  ,5.000098849101e+00  ,3.841471799989e+00  ,3.500069194371e+00  ,1.326951170681e+01  ,1.350000000000e+01  
  1.488202113734e-04  ,5.000099130044e+00  ,3.841631399954e+00  ,3.500069391031e+00  ,1.326950213082e+01  ,1.350000000000e+01  
  1.488202272321e-04  ,5.000099234019e+00  ,3.841690455996e+00  ,3.500069463813e+00  ,1.326949858746e+01  ,1.350000000000e+01  
  1.488202426047e-04  ,5.000099334818e+00  ,3.841747702064e+00  ,3.500069534372e+00  ,1.326949515270e+01  ,1.350000000000e+01  
  1.488202619472e-04  ,5.000099461661e+00  ,3.841819731055e+00  ,3.500069623162e+00  ,1.326949083097e+01  ,1.350000000000e+01  
  1.488203006320e-04  ,5.000099715391e+00  ,3.841963788881e+00  ,3.500069800774e+00  ,1.326948218749e+01  ,1.350000000000e+01  
  1.488203578676e-04  ,5.000100090908e+00  ,3.842176927321e+00  ,3.500070063636e+00  ,1.326946939918e+01  ,1.350000000000e+01  
  1.488204221055e-04  ,5.000100512528e+00  ,3.842416141246e+00  ,3.500070358769e+00  ,1.326945504634e+01  ,1.350000000000e+01  
  1.488205033634e-04  ,5.000101046100e+00  ,3.842718734337e+00  ,3.500070732270e+00  ,1.326943689075e+01  ,1.350000000000e+01  
  1.488205663208e-04  ,5.000101459691e+00  ,3.842953178328e+00  ,3.500071021784e+00  ,1.326942282411e+01  ,1.350000000000e+01  
  1.488206220954e-04  ,5.000101769538e+00  ,3.842926435809e+00  ,3.500071238677e+00  ,-3.218298131974e-01  ,1.350000000000e+01  
  1.488206469675e-04  ,5.000101885171e+00  ,3.842876233920e+00  ,3.500071319620e+00  ,-4.076762545472e-01  ,1.350000000000e+01  
  1.488206540463e-04  ,5.000101915370e+00  ,3.842859231317e+00  ,3.500071340759e+00  ,-3.941761601580e-01  ,1.350000000000e+01  
  1.488206679667e-04  ,5.000101971317e+00  ,3.842825087781e+00  ,3.500071379922e+00  ,-3.933299588831e-01  ,1.350000000000e+01  
  1.488206783990e-04  ,5.000102010546e+00  ,3.842799252766e+00  ,3.500071407382e+00  ,-3.935504063570e-01  ,1.350000000000e+01  
  1.488206914651e-04  ,5.000102056919e+00  ,3.842766809829e+00  ,3.500071439844e+00  ,-3.935607781698e-01  ,1.350000000000e+01  
  1.488207050886e-04  ,5.000102102414e+00  ,3.842732933664e+00  ,3.500071471690e+00  ,-3.935529075905e-01  ,1.350000000000e+01  
  1.488207264101e-04  ,5.000102169403e+00  ,3.842679915818e+00  ,3.500071518582e+00  ,-3.935492556216e-01  ,1.350000000000e+01  
  1.488207474813e-04  ,5.000102231613e+00  ,3.842627520411e+00  ,3.500071562129e+00  ,-3.935441006998e-01  ,1.350000000000e+01  
  1.488207841230e-04  ,5.000102333439e+00  ,3.842536407545e+00  ,3.500071633407e+00  ,-3.935350209953e-01  ,1.350000000000e+01  
  1.488208223363e-04  ,5.000102433985e+00  ,3.842441386933e+00  ,3.500071703789e+00  ,-3.935255211771e-01  ,1.350000000000e+01  
  1.488208799852e-04  ,5.000102579885e+00  ,3.842298038615e+00  ,3.500071805919e+00  ,-3.935111857660e-01  ,1.350000000000e+01  
  1.488209454688e-04  ,5.000102740795e+00  ,3.842135209132e+00  ,3.500071918556e+00  ,-3.934949042719e-01  ,1.350000000000e+01  
  1.488209942817e-04  ,5.000102859959e+00  ,3.842013832792e+00  ,3.500072001971e+00  ,-3.934827661140e-01  ,1.350000000000e+01  
  1.488210553416e-04  ,5.000103008513e+00  ,3.841862004265e+00  ,3.500072105959e+00  ,-3.934675793235e-01  ,1.350000000000e+01  
  1.488211162501e-04  ,5.000103156379e+00  ,3.841710552553e+00  ,3.500072209466e+00  ,-3.934524320891e-01  ,1.350000000000e+01  
  1.488211639280e-04  ,5.000103271980e+00  ,3.841591999674e+00  ,3.500072290386e+00  ,-3.934405849312e-01  ,1.350000000000e+01  
  1.488212025895e-04  ,5.000103365649e+00  ,3.841495866554e+00  ,3.500072355954e+00  ,-3.934309151001e-01  ,1.350000000000e+01  
  1.488212342312e-04  ,5.000103442271e+00  ,3.841417188650e+00  ,3.500072409589e+00  ,-3.934230021664e-01  ,1.350000000000e+01  
  1.488212636610e-04  ,5.000103513505e+00  ,3.841344010795e+00  ,3.500072459454e+00  ,-3.934156402107e-01  ,1.350000000000e+01  
  1.488212969325e-04  ,5.000103594003e+00  ,3.841261280590e+00  ,3.500072515802e+00  ,-3.934074545561e-01  ,1.350000000000e+01  
  1.488213400702e-04  ,5.000103698314e+00  ,3.841154018119e+00  ,3.500072588820e+00  ,-3.933967352869e-01  ,1.350000000000e+01  
  1.488213930450e-04  ,5.000103826322e+00  ,3.841022295922e+00  ,3.500072678425e+00  ,-3.933835083983e-01  ,1.350000000000e+01  
  1.488214497392e-04  ,5.000103963208e+00  ,3.840881325655e+00  ,3.500072774246e+00  ,-3.933694136261e-01  ,1.350000000000e+01  
  1.488215062298e-04  ,5.000104099488e+00  ,3.840740862386e+00  ,3.500072869641e+00  ,-3.933553512434e-01  ,1.350000000000e+01  
  1.488215388028e-04  ,5.000104178017e+00  ,3.840659870057e+00  ,3.500072924612e+00  ,-3.933472349809e-01  ,1.350000000000e+01  
  1.488215575369e-04  ,5.000104223165e+00  ,3.840613287954e+00  ,3.500072956216e+00  ,-3.933425579070e-01  ,1.350000000000e+01  
  1.488215658504e-04  ,5.000104243196e+00  ,3.840592616572e+00  ,3.500072970237e+00  ,-3.933404678496e-01  ,1.350000000000e+01  
  1.488215737026e-04  ,5.000104262114e+00  ,3.840573092203e+00  ,3.500072983480e+00  ,-3.933384991354e-01  ,1.350000000000e+01  
  1.488215894071e-04  ,5.000104299944e+00  ,3.840534043489e+00  ,3.500073009961e+00  ,-3.933346032623e-01  ,1.350000000000e+01  
  1.488216208159e-04  ,5.000104375575e+00  ,3.840455946160e+00  ,3.500073062903e+00  ,-3.933268076255e-01  ,1.350000000000e+01  
  1.488216428737e-04  ,5.000104428667e+00  ,3.840401100089e+00  ,3.500073100067e+00  ,-3.933213086574e-01  ,1.350000000000e+01  
  1.488216641282e-04  ,5.000104479809e+00  ,3.840348251377e+00  ,3.500073135867e+00  ,-3.933160117664e-01  ,1.350000000000e+01  
  1.488217026035e-04  ,5.000104572348e+00  ,3.840252584001e+00  ,3.500073200643e+00  ,-3.933064421653e-01  ,1.350000000000e+01  
  1.488217427551e-04  ,5.000104668860e+00  ,3.840152748578e+00  ,3.500073268202e+00  ,-3.932964582678e-01  ,1.350000000000e+01  
  1.488217769463e-04  ,5.000104751001e+00  ,3.840067733776e+00  ,3.500073325700e+00  ,-3.932879399355e-01  ,1.350000000000e+01  
  1.488218078546e-04  ,5.000104825219e+00  ,3.839990881921e+00  ,3.500073377653e+00  ,-3.932802383554e-01  ,1.350000000000e+01  
  1.488218556023e-04  ,5.000104939806e+00  ,3.839872159807e+00  ,3.500073457864e+00  ,-3.932683683989e-01  ,1.350000000000e+01  
  1.488219057715e-04  ,5.000105060115e+00  ,3.839747417249e+00  ,3.500073542081e+00  ,-3.932559484157e-01  ,1.350000000000e+01  
  1.488220061099e-04  ,5.000105300467e+00  ,3.839497933149e+00  ,3.500073710327e+00  ,-3.932310349175e-01  ,1.350000000000e+01  
  1.488220929790e-04  ,5.000105508265e+00  ,3.839281940467e+00  ,3.500073855786e+00  ,-3.932093745409e-01  ,1.350000000000e+01  
  1.488222408265e-04  ,5.000105861311e+00  ,3.838914332638e+00  ,3.500074102918e+00  ,-3.931725791269e-01  ,1.350000000000e+01  
  1.488223998032e-04  ,5.000106240064e+00  ,3.838519056197e+00  ,3.500074368045e+00  ,-3.931330166301e-01  ,1.350000000000e+01  
  1.488225345656e-04  ,5.000106560423e+00  ,3.838183988556e+00  ,3.500074592296e+00  ,-3.930994754312e-01  ,1.350000000000e+01  
  1.488226562895e-04  ,5.000106849233e+00  ,3.837881341448e+00  ,3.500074794463e+00  ,-3.930692333780e-01  ,1.350000000000e+01  
  1.488228820653e-04  ,5.000107383528e+00  ,3.837319990756e+00  ,3.500075168469e+00  ,-3.930130600331e-01  ,1.350000000000e+01  
  1.488231133127e-04  ,5.000107928895e+00  ,3.836745043238e+00  ,3.500075550226e+00  ,-3.929555072138e-01  ,1.350000000000e+01  
  1.488235758075e-04  ,5.000109013937e+00  ,3.835595169803e+00  ,3.500076309756e+00  ,-3.928404329823e-01  ,1.350000000000e+01  
  1.488243836367e-04  ,5.000110890991e+00  ,3.833586780927e+00  ,3.500077623694e+00  ,-3.926394805009e-01  ,1.350000000000e+01  
  1.488250147009e-04  ,5.000112341280e+00  ,3.832017918485e+00  ,3.500078638896e+00  ,-3.924824829832e-01  ,1.350000000000e+01  
  1.488255869055e-04  ,5.000113644163e+00  ,3.830595430767e+00  ,3.500079550914e+00  ,-3.923401305785e-01  ,1.350000000000e+01  
  1.488260448368e-04  ,5.000114700886e+00  ,3.829497431121e+00  ,3.500080290620e+00  ,-1.120251916749e-01  ,1.350000000000e+01  
  1.488262596231e-04  ,5.000115199641e+00  ,3.828988822699e+00  ,3.500080639749e+00  ,-1.119421392772e-01  ,1.350000000000e+01  
  1.488263987161e-04  ,5.000115522835e+00  ,3.828660402988e+00  ,3.500080865984e+00  ,-1.119446094903e-01  ,1.350000000000e+01  
  1.488266751792e-04  ,5.000116164072e+00  ,3.828008375054e+00  ,3.500081314850e+00  ,-1.119263706086e-01  ,1.350000000000e+01  
  1.488270597689e-04  ,5.000117051819e+00  ,3.827101341164e+00  ,3.500081936274e+00  ,-1.119002636585e-01  ,1.350000000000e+01  
  1.488278289482e-04  ,5.000118812470e+00  ,3.825287296036e+00  ,3.500083168729e+00  ,-1.118483792199e-01  ,1.350000000000e+01  
  1.488285947747e-04  ,5.000120545821e+00  ,3.823481188125e+00  ,3.500084382075e+00  ,-1.117967413891e-01  ,1.350000000000e+01  
  1.488291886791e-04  ,5.000121876593e+00  ,3.822080558112e+00  ,3.500085313615e+00  ,-1.117566942300e-01  ,1.350000000000e+01  
  1.488296617910e-04  ,5.000122928308e+00  ,3.820964811169e+00  ,3.500086049816e+00  ,-1.117247922922e-01  ,1.350000000000e+01  
  1.488301021203e-04  ,5.000123900470e+00  ,3.819926386098e+00  ,3.500086730329e+00  ,-1.116951011994e-01  ,1.350000000000e+01  
  1.488304507609e-04  ,5.000124665641e+00  ,3.819104196793e+00  ,3.500087265949e+00  ,-1.116715924241e-01  ,1.350000000000e+01  
  1.488307866424e-04  ,5.000125399001e+00  ,3.818312102833e+00  ,3.500087779300e+00  ,-1.116489432456e-01  ,1.350000000000e+01  
  1.488312167737e-04  ,5.000126332697e+00  ,3.817297752189e+00  ,3.500088432888e+00  ,-1.116199460524e-01  ,1.350000000000e+01  
  1.488316846702e-04  ,5.000127341434e+00  ,3.816194353239e+00  ,3.500089139004e+00  ,-1.115883968946e-01  ,1.350000000000e+01  
  1.488324521731e-04  ,5.000128980465e+00  ,3.814384443007e+00  ,3.500090286326e+00  ,-1.115366481206e-01  ,1.350000000000e+01  
  1.488332532968e-04  ,5.000130670628e+00  ,3.812495281121e+00  ,3.500091469440e+00  ,-1.114826333931e-01  ,1.350000000000e+01  
  1.488338781211e-04  ,5.000131974222e+00  ,3.811021880614e+00  ,3.500092381956e+00  ,-1.114405062166e-01  ,1.350000000000e+01  
  1.488343388464e-04  ,5.000132927256e+00  ,3.809935455437e+00  ,3.500093049079e+00  ,-1.114094435659e-01  ,1.350000000000e+01  
  1.488348283495e-04  ,5.000133932207e+00  ,3.808781181758e+00  ,3.500093752545e+00  ,-1.113764411574e-01  ,1.350000000000e+01  
  1.488354384590e-04  ,5.000135173815e+00  ,3.807342529421e+00  ,3.500094621671e+00  ,-1.113353067538e-01  ,1.350000000000e+01  
  1.488359893363e-04  ,5.000136284455e+00  ,3.806043564165e+00  ,3.500095399119e+00  ,-1.112981674749e-01  ,1.350000000000e+01  
  1.488370910909e-04  ,5.000138476136e+00  ,3.803445680239e+00  ,3.500096933295e+00  ,-1.112238879650e-01  ,1.350000000000e+01  
  1.488379575003e-04  ,5.000140172005e+00  ,3.801402772557e+00  ,3.500098120404e+00  ,-1.111654771004e-01  ,1.350000000000e+01  
  1.488384187843e-04  ,5.000141064987e+00  ,3.800315126000e+00  ,3.500098745491e+00  ,-1.111343776214e-01  ,1.350000000000e+01  
  1.488385670509e-04  ,5.000141350550e+00  ,3.799965535478e+00  ,3.500098945385e+00  ,-1.111243794078e-01  ,1.350000000000e+01  
  1.488386422785e-04  ,5.000141495167e+00  ,3.799788160441e+00  ,3.500099046617e+00  ,-1.111193034262e-01  ,1.350000000000e+01  
  1.488387142697e-04  ,5.000141633392e+00  ,3.799618416480e+00  ,3.500099143374e+00  ,-1.111144452179e-01  ,1.350000000000e+01  
  1.488388083682e-04  ,5.000141813810e+00  ,3.799396547469e+00  ,3.500099269667e+00  ,-1.111081049492e-01  ,1.350000000000e+01  
  1.488388781592e-04  ,5.000141947438e+00  ,3.799231991939e+00  ,3.500099363206e+00  ,-1.111033972062e-01  ,1.350000000000e+01  
  1.488389455637e-04  ,5.000142076347e+00  ,3.799073063648e+00  ,3.500099453443e+00  ,-1.110988512677e-01  ,1.350000000000e+01  
  1.488390590570e-04  ,5.000142293069e+00  ,3.798805466263e+00  ,3.500099605148e+00  ,-1.110912229957e-01  ,1.350000000000e+01  
  1.488392779178e-04  ,5.000142709825e+00  ,3.798289432547e+00  ,3.500099896878e+00  ,-1.110764610364e-01  ,1.350000000000e+01  
  1.488396430428e-04  ,5.000143401664e+00  ,3.797428540058e+00  ,3.500100381165e+00  ,-1.110518479030e-01  ,1.350000000000e+01  
  1.488403732928e-04  ,5.000144772477e+00  ,3.795706775565e+00  ,3.500101340734e+00  ,-1.110026147827e-01  ,1.350000000000e+01  
  1.488411430309e-04  ,5.000146198880e+00  ,3.793891936688e+00  ,3.500102339216e+00  ,-1.109507255274e-01  ,1.350000000000e+01  
  1.488417581695e-04  ,5.000147325141e+00  ,3.792441624480e+00  ,3.500103127598e+00  ,-1.109092579644e-01  ,1.350000000000e+01  
  1.488422481383e-04  ,5.000148213564e+00  ,3.791286438880e+00  ,3.500103749495e+00  ,-1.108762286490e-01  ,1.350000000000e+01  
  1.488427387590e-04  ,5.000149095483e+00  ,3.790129728581e+00  ,3.500104366838e+00  ,-1.108431557672e-01  ,1.350000000000e+01  
  1.488432470749e-04  ,5.000150001108e+00  ,3.788931312436e+00  ,3.500105000776e+00  ,-1.108088902841e-01  ,1.350000000000e+01  
  1.488436501513e-04  ,5.000150713385e+00  ,3.787981020447e+00  ,3.500105499370e+00  ,-1.107817193998e-01  ,1.350000000000e+01  
  1.488441006320e-04  ,5.000151503312e+00  ,3.786918978005e+00  ,3.500106052319e+00  ,-1.107513530780e-01  ,1.350000000000e+01  
  1.488447445484e-04  ,5.000152621240e+00  ,3.785400914319e+00  ,3.500106834868e+00  ,-1.107079487292e-01  ,1.350000000000e+01  
  1.488454710732e-04  ,5.000153866792e+00  ,3.783688123130e+00  ,3.500107706755e+00  ,-1.106589761769e-01  ,1.350000000000e+01  
  1.488460370379e-04  ,5.000154825501e+00  ,3.782353872945e+00  ,3.500108377851e+00  ,-1.106208270761e-01  ,1.350000000000e+01  
  1.488467440049e-04  ,5.000156008834e+00  ,3.780687235975e+00  ,3.500109206184e+00  ,-1.105731741228e-01  ,1.350000000000e+01  
  1.488473204004e-04  ,5.000156961945e+00  ,3.779328433163e+00  ,3.500109873361e+00  ,-1.105343230378e-01  ,1.350000000000e+01  
  1.488479716743e-04  ,5.000158026276e+00  ,3.777793131648e+00  ,3.500110618393e+00  ,-1.104904250988e-01  ,1.350000000000e+01  
  1.488489303778e-04  ,5.000159568763e+00  ,3.775533140690e+00  ,3.500111698134e+00  ,-1.104258075306e-01  ,1.350000000000e+01  
  1.488498566712e-04  ,5.000161031709e+00  ,3.773349596036e+00  ,3.500112722196e+00  ,-1.103633748356e-01  ,1.350000000000e+01  
  1.488517092581e-04  ,5.000163877143e+00  ,3.768982638934e+00  ,3.500114714000e+00  ,-1.102385143162e-01  ,1.350000000000e+01  
  1.488539004738e-04  ,5.000167104748e+00  ,3.763817686264e+00  ,3.500116973324e+00  ,-1.100908366779e-01  ,1.350000000000e+01  
  1.488556601147e-04  ,5.000169589008e+00  ,3.759670184932e+00  ,3.500118712305e+00  ,-1.099722509763e-01  ,1.350000000000e+01  
  1.488570652942e-04  ,5.000171504220e+00  ,3.756358269006e+00  ,3.500120052954e+00  ,-1.098775562082e-01  ,1.350000000000e+01  
  1.488582437898e-04  ,5.000173063643e+00  ,3.753580710521e+00  ,3.500121144550e+00  ,-1.097981385756e-01  ,1.350000000000e+01  
  1.488589616532e-04  ,5.000173992655e+00  ,3.751888836205e+00  ,3.500121794859e+00  ,-1.097497631929e-01  ,1.350000000000e+01  
  1.488597677129e-04  ,5.000175017006e+00  ,3.749989130896e+00  ,3.500122511904e+00  ,-1.096954456134e-01  ,1.350000000000e+01  
  1.488602905574e-04  ,5.000175670825e+00  ,3.748756919362e+00  ,3.500122969578e+00  ,-1.096602155490e-01  ,1.350000000000e+01  
  1.488609232048e-04  ,5.000176450802e+00  ,3.747265949057e+00  ,3.500123515561e+00  ,-1.096175863513e-01  ,1.350000000000e+01  
  1.488616596947e-04  ,5.000177343440e+00  ,3.745530277513e+00  ,3.500124140408e+00  ,-1.095679565879e-01  ,1.350000000000e+01  
  1.488631198222e-04  ,5.000179064403e+00  ,3.742089305685e+00  ,3.500125345082e+00  ,-1.094695719149e-01  ,1.350000000000e+01  
  1.488634912803e-04  ,5.000179491895e+00  ,3.741213936291e+00  ,3.500125644326e+00  ,-1.094445435135e-01  ,1.350000000000e+01  
  1.488639542873e-04  ,5.000180018894e+00  ,3.740122834563e+00  ,3.500126013226e+00  ,-1.094133467817e-01  ,1.350000000000e+01  
  1.488644495646e-04  ,5.000180575441e+00  ,3.738955698249e+00  ,3.500126402809e+00  ,-1.093799759390e-01  ,1.350000000000e+01  
  1.488649957853e-04  ,5.000181180637e+00  ,3.737668527034e+00  ,3.500126826446e+00  ,-1.093431729743e-01  ,1.350000000000e+01  
  1.488655569072e-04  ,5.000181792963e+00  ,3.736346257190e+00  ,3.500127255074e+00  ,-1.093053664551e-01  ,1.350000000000e+01  
  1.488661225925e-04  ,5.000182400655e+00  ,3.735013250047e+00  ,3.500127680459e+00  ,-1.092672493299e-01  ,1.350000000000e+01  
  1.488665447610e-04  ,5.000182847892e+00  ,3.734018443318e+00  ,3.500127993525e+00  ,-1.092388047019e-01  ,1.350000000000e+01  
  1.488670278380e-04  ,5.000183353075e+00  ,3.732880121811e+00  ,3.500128347153e+00  ,-1.092062615959e-01  ,1.350000000000e+01  
  1.488676216493e-04  ,5.000183964450e+00  ,3.731480882868e+00  ,3.500128775115e+00  ,-1.091662540236e-01  ,1.350000000000e+01  
  1.488683551590e-04  ,5.000184705038e+00  ,3.729752487981e+00  ,3.500129293527e+00  ,-1.091168307810e-01  ,1.350000000000e+01  
  1.488689372356e-04  ,5.000185281255e+00  ,3.728380939927e+00  ,3.500129696878e+00  ,-1.090776148205e-01  ,1.350000000000e+01  
  1.488696476484e-04  ,5.000185970767e+00  ,3.726707016648e+00  ,3.500130179537e+00  ,-1.090297571642e-01  ,1.350000000000e+01  
  1.488702096085e-04  ,5.000186505505e+00  ,3.725382906484e+00  ,3.500130553854e+00  ,-1.089918957089e-01  ,1.350000000000e+01  
  1.488708590197e-04  ,5.000187111713e+00  ,3.723852761030e+00  ,3.500130978199e+00  ,-1.089481451047e-01  ,1.350000000000e+01  
  1.488718879449e-04  ,5.000188046445e+00  ,3.721428447800e+00  ,3.500131632511e+00  ,-1.088788279331e-01  ,1.350000000000e+01  
  1.488730025517e-04  ,5.000189023450e+00  ,3.718802316440e+00  ,3.500132316415e+00  ,-1.088037403555e-01  ,1.350000000000e+01  
  1.488748704123e-04  ,5.000190578050e+00  ,3.714401583766e+00  ,3.500133404635e+00  ,-1.086779121843e-01  ,1.350000000000e+01  
  1.488770109641e-04  ,5.000192232678e+00  ,3.709358604425e+00  ,3.500134562875e+00  ,-1.085337205107e-01  ,1.350000000000e+01  
  1.488812920677e-04  ,5.000195137852e+00  ,3.699273356635e+00  ,3.500136596496e+00  ,-1.082453567556e-01  ,1.350000000000e+01  
  1.488898542749e-04  ,5.000199347374e+00  ,3.679105708383e+00  ,3.500139543162e+00  ,-1.076687089717e-01  ,1.350000000000e+01  
  1.489069786894e-04  ,5.000201471388e+00  ,3.638781831053e+00  ,3.500141029972e+00  ,-1.065157322814e-01  ,1.350000000000e+01  
  1.489232328760e-04  ,5.000195850725e+00  ,3.600521256156e+00  ,3.500137095508e+00  ,-1.054217421986e-01  ,1.350000000000e+01  
  1.489346844184e-04  ,5.000187486636e+00  ,3.573573862140e+00  ,3.500131240645e+00  ,-1.046512258435e-01  ,1.350000000000e+01  
  1.489420739042e-04  ,5.000180177214e+00  ,3.556188808909e+00  ,3.500126124050e+00  ,-1.041541263817e-01  ,1.350000000000e+01  
  1.489490126299e-04  ,5.000171960739e+00  ,3.539866854045e+00  ,3.500120372518e+00  ,-1.036874228044e-01  ,1.350000000000e+01  
  1.489566673564e-04  ,5.000161386933e+00  ,3.521863585722e+00  ,3.500112970853e+00  ,-1.031726423360e-01  ,1.350000000000e+01  
  1.489641805219e-04  ,5.000149475107e+00  ,3.504196253883e+00  ,3.500104632575e+00  ,-1.026674654786e-01  ,1.350000000000e+01  
  1.489714716601e-04  ,5.000136472904e+00  ,3.487053867918e+00  ,3.500095531033e+00  ,-1.021772966687e-01  ,1.350000000000e+01  
  1.489797447848e-04  ,5.000120004014e+00  ,3.467606105505e+00  ,3.500084002810e+00  ,-1.016212052820e-01  ,1.350000000000e+01  
  1.489933912682e-04  ,5.000088879088e+00  ,3.435535020260e+00  ,3.500062215362e+00  ,-1.007041561642e-01  ,1.350000000000e+01  
  1.490042527246e-04  ,5.000060595816e+00  ,3.410016182414e+00  ,3.500042417071e+00  ,-9.997445840766e-02  ,1.350000000000e+01  
  1.490137849974e-04  ,5.000033219816e+00  ,3.387625406512e+00  ,3.500023253871e+00  ,-9.933420207472e-02  ,1.350000000000e+01  
  1.490196553099e-04  ,5.000015175869e+00  ,3.373838776237e+00  ,3.500010623108e+00  ,-9.893997645416e-02  ,1.350000000000e+01  
  1.490241331088e-04  ,5.000000806303e+00  ,3.363323746167e+00  ,3.500000564412e+00  ,-9.863930059136e-02  ,1.350000000000e+01  
  1.490326580631e-04  ,4.999972002745e+00  ,3.343307905771e+00  ,3.499980401922e+00  ,-9.806694796760e-02  ,1.350000000000e+01  
  1.490437013137e-04  ,4.999931878496e+00  ,3.317385105738e+00  ,3.499952314947e+00  ,-9.732568137371e-02  ,1.350000000000e+01  
  1.490637016522e-04  ,4.999851149976e+00  ,3.270453178948e+00  ,3.499895804983e+00  ,-9.598364217788e-02  ,1.350000000000e+01  
  1.490837019908e-04  ,4.999760072331e+00  ,3.223542776338e+00  ,3.499832050632e+00  ,-9.464220136863e-02  ,1.350000000000e+01  
  1.490862020331e-04  ,4.999747960362e+00  ,3.217680490497e+00  ,3.499823572254e+00  ,-9.447456338900e-02  ,1.350000000000e+01  
  1.490912021177e-04  ,4.999723252647e+00  ,3.205956931344e+00  ,3.499806276853e+00  ,-9.413931539117e-02  ,1.350000000000e+01  
  1.490918677340e-04  ,4.999719914891e+00  ,3.204396381328e+00  ,3.499803940423e+00  ,-9.409469004905e-02  ,1.350000000000e+01  
  1.490931989665e-04  ,4.999713205112e+00  ,3.201275353145e+00  ,3.499799243578e+00  ,-9.400544058684e-02  ,1.350000000000e+01  
  1.490941338281e-04  ,4.999708465853e+00  ,3.199083659987e+00  ,3.499795926097e+00  ,-9.394276653919e-02  ,1.350000000000e+01  
  1.490949291776e-04  ,4.999704416117e+00  ,3.197219076808e+00  ,3.499793091282e+00  ,-9.388944665900e-02  ,1.350000000000e+01  
  1.490956912788e-04  ,4.999700520380e+00  ,3.195432471426e+00  ,3.499790364266e+00  ,-9.383835678312e-02  ,1.350000000000e+01  
  1.490963039028e-04  ,4.999697377897e+00  ,3.193996310636e+00  ,3.499788164528e+00  ,-9.379728792891e-02  ,1.350000000000e+01  
  1.490967985282e-04  ,4.999694833639e+00  ,3.192836786088e+00  ,3.499786383547e+00  ,-9.376413009856e-02  ,1.350000000000e+01  
  1.490971060044e-04  ,4.999693248864e+00  ,3.192115992481e+00  ,3.499785274205e+00  ,-9.374351866640e-02  ,1.350000000000e+01  
  1.490973359479e-04  ,4.999692062111e+00  ,3.191576956171e+00  ,3.499784443478e+00  ,-9.372810484731e-02  ,1.350000000000e+01  
  1.490974808617e-04  ,4.999691313502e+00  ,3.191237249056e+00  ,3.499783919451e+00  ,-9.371839161109e-02  ,1.350000000000e+01  
  1.490977706893e-04  ,4.999689814662e+00  ,3.190557838235e+00  ,3.499782870263e+00  ,-9.369896216451e-02  ,1.350000000000e+01  
  1.490983503445e-04  ,4.999686810490e+00  ,3.189199030237e+00  ,3.499780767343e+00  ,-9.366010392894e-02  ,1.350000000000e+01  
  1.490987618959e-04  ,4.999684672294e+00  ,3.188234296333e+00  ,3.499779270606e+00  ,-9.363251636014e-02  ,1.350000000000e+01  
  1.490990837144e-04  ,4.999682997261e+00  ,3.187479915303e+00  ,3.499778098083e+00  ,-9.361094427427e-02  ,1.350000000000e+01  
  1.490993560797e-04  ,4.999681577544e+00  ,3.186841462928e+00  ,3.499777104281e+00  ,-9.359268725789e-02  ,1.350000000000e+01  
  1.490996134973e-04  ,4.999680233986e+00  ,3.186238053263e+00  ,3.499776163790e+00  ,-9.357543215626e-02  ,1.350000000000e+01  
  1.490998617413e-04  ,4.999678936692e+00  ,3.185656150561e+00  ,3.499775255685e+00  ,-9.355879200307e-02  ,1.350000000000e+01  
  1.491000758291e-04  ,4.999677816620e+00  ,3.185154315373e+00  ,3.499774471634e+00  ,-9.354444170672e-02  ,1.350000000000e+01  
  1.491002697304e-04  ,4.999676801141e+00  ,3.184699800556e+00  ,3.499773760799e+00  ,-9.353144556827e-02  ,1.350000000000e+01  
  1.491004750638e-04  ,4.999675724736e+00  ,3.184218490795e+00  ,3.499773007316e+00  ,-9.351768171104e-02  ,1.350000000000e+01  
  1.491006330860e-04  ,4.999674895609e+00  ,3.183848081947e+00  ,3.499772426926e+00  ,-9.350708916281e-02  ,1.350000000000e+01  
  1.491008198860e-04  ,4.999673914657e+00  ,3.183410218628e+00  ,3.499771740260e+00  ,-9.349456759817e-02  ,1.350000000000e+01  
  1.491011934860e-04  ,4.999671950059e+00  ,3.182534497659e+00  ,3.499770365041e+00  ,-9.346952372407e-02  ,1.350000000000e+01  
  1.491014719980e-04  ,4.999670483147e+00  ,3.181881668587e+00  ,3.499769338203e+00  ,-9.345085550386e-02  ,1.350000000000e+01  
  1.491017297416e-04  ,4.999669123844e+00  ,3.181277524376e+00  ,3.499768386691e+00  ,-9.343357947325e-02  ,1.350000000000e+01  
  1.491019860881e-04  ,4.999667770212e+00  ,3.180676658229e+00  ,3.499767439148e+00  ,-9.341639696636e-02  ,1.350000000000e+01  
  1.491022060665e-04  ,4.999666607271e+00  ,3.180161040418e+00  ,3.499766625090e+00  ,-9.340165253796e-02  ,1.350000000000e+01  
  1.491024051367e-04  ,4.999665553790e+00  ,3.179694432571e+00  ,3.499765887653e+00  ,-9.338831066723e-02  ,1.350000000000e+01  
  1.491026139858e-04  ,4.999664447463e+00  ,3.179204905945e+00  ,3.499765113224e+00  ,-9.337431087709e-02  ,1.350000000000e+01  
  1.491028087253e-04  ,4.999663414866e+00  ,3.178748453147e+00  ,3.499764390406e+00  ,-9.336125817023e-02  ,1.350000000000e+01  
  1.491029423236e-04  ,4.999662705903e+00  ,3.178435311562e+00  ,3.499763894132e+00  ,-9.335230468065e-02  ,1.350000000000e+01  
  1.491030595072e-04  ,4.999662083669e+00  ,3.178160644949e+00  ,3.499763458569e+00  ,-9.334445102488e-02  ,1.350000000000e+01  
  1.491031679015e-04  ,4.999661507791e+00  ,3.177906580358e+00  ,3.499763055454e+00  ,-9.333718792702e-02  ,1.350000000000e+01  
  1.491032725473e-04  ,4.999660951541e+00  ,3.177661302624e+00  ,3.499762666079e+00  ,-9.333017414448e-02  ,1.350000000000e+01  
  1.491033999289e-04  ,4.999660274057e+00  ,3.177362735290e+00  ,3.499762191840e+00  ,-9.332163363923e-02  ,1.350000000000e+01  
  1.491035350638e-04  ,4.999659554880e+00  ,3.177045996202e+00  ,3.499761688416e+00  ,-9.331257710616e-02  ,1.350000000000e+01  
  1.491038053336e-04  ,4.999658115115e+00  ,3.176412520996e+00  ,3.499760680581e+00  ,-9.329445847849e-02  ,1.350000000000e+01  
  1.491042091085e-04  ,4.999655960648e+00  ,3.175466135623e+00  ,3.499759172454e+00  ,-9.326739428558e-02  ,1.350000000000e+01  
  1.491045395883e-04  ,4.999654194147e+00  ,3.174691549074e+00  ,3.499757935903e+00  ,-9.324524413368e-02  ,1.350000000000e+01  
  1.491047119296e-04  ,4.999653271823e+00  ,3.174287613868e+00  ,3.499757290276e+00  ,-9.323369465332e-02  ,1.350000000000e+01  
  1.491047772269e-04  ,4.999652922170e+00  ,3.174134569668e+00  ,3.499757045519e+00  ,-9.322932297167e-02  ,1.350000000000e+01  
  1.491048071748e-04  ,4.999652761768e+00  ,3.174064377874e+00  ,3.499756933238e+00  ,-9.322732326246e-02  ,1.350000000000e+01  
  1.491048403415e-04  ,4.999652584100e+00  ,3.173986641713e+00  ,3.499756808870e+00  ,-9.322510086591e-02  ,1.350000000000e+01  
  1.491049066750e-04  ,4.999652228678e+00  ,3.173831169569e+00  ,3.499756560074e+00  ,-9.322064887743e-02  ,1.350000000000e+01  
  1.491050393419e-04  ,4.999651517494e+00  ,3.173520225997e+00  ,3.499756062246e+00  ,-9.321175330880e-02  ,1.350000000000e+01  
  1.491052238834e-04  ,4.999650527474e+00  ,3.173087700601e+00  ,3.499755369232e+00  ,-9.319938188278e-02  ,1.350000000000e+01  
  1.491054643509e-04  ,4.999649236111e+00  ,3.172524099752e+00  ,3.499754465278e+00  ,-9.318326398749e-02  ,1.350000000000e+01  
  1.491058376716e-04  ,4.999647228347e+00  ,3.171649127650e+00  ,3.499753059843e+00  ,-9.315824186768e-02  ,1.350000000000e+01  
  1.491061097575e-04  ,4.999645762776e+00  ,3.171011429780e+00  ,3.499752033944e+00  ,-9.314000647702e-02  ,1.350000000000e+01  
  1.491063710400e-04  ,4.999644353604e+00  ,3.170399055884e+00  ,3.499751047523e+00  ,-9.312249503828e-02  ,1.350000000000e+01  
  1.491067625680e-04  ,4.999642238692e+00  ,3.169481429644e+00  ,3.499749567084e+00  ,-9.309625339691e-02  ,1.350000000000e+01  
  1.491072614775e-04  ,4.999639538022e+00  ,3.168312144885e+00  ,3.499747676615e+00  ,-9.306281552399e-02  ,1.350000000000e+01  
  1.491076688846e-04  ,4.999637311838e+00  ,3.167327593838e+00  ,3.499746118287e+00  ,-3.257360446687e-01  ,1.350000000000e+01  
  1.491078797360e-04  ,4.999636153338e+00  ,3.166812874178e+00  ,3.499745307337e+00  ,-3.259523413214e-01  ,1.350000000000e+01  
  1.491079316281e-04  ,4.999635867672e+00  ,3.166685836473e+00  ,3.499745107371e+00  ,-3.259004367081e-01  ,1.350000000000e+01  
  1.491079611976e-04  ,4.999635704825e+00  ,3.166613417327e+00  ,3.499744993377e+00  ,-3.258926940419e-01  ,1.350000000000e+01  
  1.491080010291e-04  ,4.999635485405e+00  ,3.166515856214e+00  ,3.499744839784e+00  ,-3.258829122338e-01  ,1.350000000000e+01  
  1.491080337418e-04  ,4.999635305161e+00  ,3.166435728639e+00  ,3.499744713613e+00  ,-3.258749022035e-01  ,1.350000000000e+01  
  1.491080627613e-04  ,4.999635145239e+00  ,3.166364646796e+00  ,3.499744601667e+00  ,-3.258677696224e-01  ,1.350000000000e+01  
  1.491080891497e-04  ,4.999634999795e+00  ,3.166300009302e+00  ,3.499744499856e+00  ,-3.258612815205e-01  ,1.350000000000e+01  
  1.491081346972e-04  ,4.999634748707e+00  ,3.166188442464e+00  ,3.499744324095e+00  ,-3.258501019642e-01  ,1.350000000000e+01  
  1.491082205069e-04  ,4.999634275510e+00  ,3.165978255585e+00  ,3.499743992857e+00  ,-3.258291672362e-01  ,1.350000000000e+01  
  1.491083646757e-04  ,4.999633480046e+00  ,3.165625123354e+00  ,3.499743436032e+00  ,-3.257938132789e-01  ,1.350000000000e+01  
  1.491086409525e-04  ,4.999631954096e+00  ,3.164948408550e+00  ,3.499742367867e+00  ,-3.257260568813e-01  ,1.350000000000e+01  
  1.491090535750e-04  ,4.999629671236e+00  ,3.163937746994e+00  ,3.499740769865e+00  ,-3.256248958066e-01  ,1.350000000000e+01  
  1.491095307847e-04  ,4.999627025314e+00  ,3.162768916909e+00  ,3.499738917719e+00  ,-3.255079466915e-01  ,1.350000000000e+01  
  1.491101366100e-04  ,4.999623657422e+00  ,3.161285113096e+00  ,3.499736560195e+00  ,-3.253594373283e-01  ,1.350000000000e+01  
  1.491106330049e-04  ,4.999620890493e+00  ,3.160069366452e+00  ,3.499734623345e+00  ,-3.252377556639e-01  ,1.350000000000e+01  
  1.491108681639e-04  ,4.999619577385e+00  ,3.159493438155e+00  ,3.499733704170e+00  ,-3.251801089904e-01  ,1.350000000000e+01  
  1.491109595033e-04  ,4.999619066951e+00  ,3.159269740512e+00  ,3.499733346866e+00  ,-3.251577041065e-01  ,1.350000000000e+01  
  1.491110131417e-04  ,4.999618767097e+00  ,3.159138376412e+00  ,3.499733136968e+00  ,-3.251445360486e-01  ,1.350000000000e+01  
  1.491110808023e-04  ,4.999618388745e+00  ,3.158972671459e+00  ,3.499732872122e+00  ,-3.251279522436e-01  ,1.350000000000e+01  
  1.491112161235e-04  ,4.999617631671e+00  ,3.158641263422e+00  ,3.499732342170e+00  ,-3.250947999811e-01  ,1.350000000000e+01  
  1.491114867658e-04  ,4.999616116042e+00  ,3.157978454828e+00  ,3.499731281229e+00  ,-3.250285196308e-01  ,1.350000000000e+01  
  1.491120280505e-04  ,4.999613078854e+00  ,3.156652867574e+00  ,3.499729155198e+00  ,-3.248958291289e-01  ,1.350000000000e+01  
  1.491128194884e-04  ,4.999608623818e+00  ,3.154714735614e+00  ,3.499726036672e+00  ,-3.247018587819e-01  ,1.350000000000e+01  
  1.491134689928e-04  ,4.999604955113e+00  ,3.153124244845e+00  ,3.499723468579e+00  ,-3.245426747926e-01  ,1.350000000000e+01  
  1.491137692977e-04  ,4.999603255005e+00  ,3.152388884652e+00  ,3.499722278504e+00  ,-3.244690742492e-01  ,1.350000000000e+01  
  1.491138974477e-04  ,4.999602528773e+00  ,3.152075086058e+00  ,3.499721770141e+00  ,-3.244376589282e-01  ,1.350000000000e+01  
  1.491139578323e-04  ,4.999602186418e+00  ,3.151927224070e+00  ,3.499721530492e+00  ,-3.244228434062e-01  ,1.350000000000e+01  
  1.491140136593e-04  ,4.999601869815e+00  ,3.151790522726e+00  ,3.499721308870e+00  ,-3.244091544198e-01  ,1.350000000000e+01  
  1.491141229500e-04  ,4.999601249767e+00  ,3.151522908020e+00  ,3.499720874837e+00  ,-3.243823837535e-01  ,1.350000000000e+01  
  1.491143415314e-04  ,4.999600008706e+00  ,3.150987683490e+00  ,3.499720006094e+00  ,-3.243288247782e-01  ,1.350000000000e+01  
  1.491147061908e-04  ,4.999597935376e+00  ,3.150094782915e+00  ,3.499718554763e+00  ,-3.242394660500e-01  ,1.350000000000e+01  
  1.491151632839e-04  ,4.999595331438e+00  ,3.148975575700e+00  ,3.499716732007e+00  ,-3.241274709492e-01  ,1.350000000000e+01  
  1.491156051033e-04  ,4.999592809159e+00  ,3.147893793660e+00  ,3.499714966412e+00  ,-3.240192011911e-01  ,1.350000000000e+01  
  1.491159860143e-04  ,4.999590630375e+00  ,3.146961165653e+00  ,3.499713441262e+00  ,-3.239258623742e-01  ,1.350000000000e+01  
  1.491163309761e-04  ,4.999588653843e+00  ,3.146116572896e+00  ,3.499712057690e+00  ,-3.238413343601e-01  ,1.350000000000e+01  
  1.491166140516e-04  ,4.999587029507e+00  ,3.145423512738e+00  ,3.499710920655e+00  ,-3.237719722667e-01  ,1.350000000000e+01  
  1.491168812947e-04  ,4.999585494039e+00  ,3.144769225627e+00  ,3.499709845828e+00  ,-3.237064917014e-01  ,1.350000000000e+01  
  1.491173434635e-04  ,4.999582834068e+00  ,3.143637727495e+00  ,3.499707983847e+00  ,-3.235932476045e-01  ,1.350000000000e+01  
  1.491176671912e-04  ,4.999581702602e+00  ,3.144264590041e+00  ,3.499707191822e+00  ,1.329598716702e+01  ,1.350000000000e+01  
  1.491178192296e-04  ,4.999581362566e+00  ,3.144768077255e+00  ,3.499706953796e+00  ,1.331477024862e+01  ,1.350000000000e+01  
  1.491178895794e-04  ,4.999581234217e+00  ,3.145024448447e+00  ,3.499706863952e+00  ,1.331131097808e+01  ,1.350000000000e+01  
  1.491179563669e-04  ,4.999581120782e+00  ,3.145272563404e+00  ,3.499706784547e+00  ,1.331128084098e+01  ,1.350000000000e+01  
  1.491180899418e-04  ,4.999580901648e+00  ,3.145771553716e+00  ,3.499706631153e+00  ,1.331125369929e+01  ,1.350000000000e+01  
  1.491181837376e-04  ,4.999580750442e+00  ,3.146122856846e+00  ,3.499706525310e+00  ,1.331123264456e+01  ,1.350000000000e+01  
  1.491182741225e-04  ,4.999580605433e+00  ,3.146461627506e+00  ,3.499706423803e+00  ,1.331121231734e+01  ,1.350000000000e+01  
  1.491184275579e-04  ,4.999580359992e+00  ,3.147036839599e+00  ,3.499706251994e+00  ,1.331117780460e+01  ,1.350000000000e+01  
  1.491186891664e-04  ,4.999579943917e+00  ,3.148017655363e+00  ,3.499705960742e+00  ,1.331111895565e+01  ,1.350000000000e+01  
  1.491192123834e-04  ,4.999579121865e+00  ,3.149979321180e+00  ,3.499705385306e+00  ,1.331100125570e+01  ,1.350000000000e+01  
  1.491196947154e-04  ,4.999578376132e+00  ,3.151787692035e+00  ,3.499704863292e+00  ,1.331089275345e+01  ,1.350000000000e+01  
  1.491201549750e-04  ,4.999577675319e+00  ,3.153513291102e+00  ,3.499704372723e+00  ,1.331078921751e+01  ,1.350000000000e+01  
  1.491206740942e-04  ,4.999576897494e+00  ,3.155459531245e+00  ,3.499703828246e+00  ,1.331067244310e+01  ,1.350000000000e+01  
  1.491210819669e-04  ,4.999576295721e+00  ,3.156988669343e+00  ,3.499703407004e+00  ,1.331058069481e+01  ,1.350000000000e+01  
  1.491214672551e-04  ,4.999575734832e+00  ,3.158433115862e+00  ,3.499703014382e+00  ,1.331049402802e+01  ,1.350000000000e+01  
  1.491217751503e-04  ,4.999575291885e+00  ,3.159587401649e+00  ,3.499702704319e+00  ,1.331042477087e+01  ,1.350000000000e+01  
  1.491219405066e-04  ,4.999575055931e+00  ,3.160207309956e+00  ,3.499702539152e+00  ,1.331038757637e+01  ,1.350000000000e+01  
  1.491220635111e-04  ,4.999574881288e+00  ,3.160668441820e+00  ,3.499702416901e+00  ,1.331035990846e+01  ,1.350000000000e+01  
  1.491222006483e-04  ,4.999574687458e+00  ,3.161182553858e+00  ,3.499702281221e+00  ,1.331032906174e+01  ,1.350000000000e+01  
  1.491223293571e-04  ,4.999574506386e+00  ,3.161665066195e+00  ,3.499702154470e+00  ,1.331030011100e+01  ,1.350000000000e+01  
  1.491225745743e-04  ,4.999574163667e+00  ,3.162584347229e+00  ,3.499701914567e+00  ,1.331024495414e+01  ,1.350000000000e+01  
  1.491230650088e-04  ,4.999573487117e+00  ,3.164422884819e+00  ,3.499701440982e+00  ,1.331013464188e+01  ,1.350000000000e+01  
  1.491236092737e-04  ,4.999572750171e+00  ,3.166463183425e+00  ,3.499700925120e+00  ,1.331001222396e+01  ,1.350000000000e+01  
  1.491240684157e-04  ,4.999572139811e+00  ,3.168184348628e+00  ,3.499700497867e+00  ,1.330990895405e+01  ,1.350000000000e+01  
  1.491244829008e-04  ,4.999571597709e+00  ,3.169738085869e+00  ,3.499700118396e+00  ,1.330981572982e+01  ,1.350000000000e+01  
  1.491250712173e-04  ,4.999570842724e+00  ,3.171943406613e+00  ,3.499699589907e+00  ,1.330968341057e+01  ,1.350000000000e+01  
  1.491258226084e-04  ,4.999569903120e+00  ,3.174759948674e+00  ,3.499698932184e+00  ,1.330951441805e+01  ,1.350000000000e+01  
  1.491265152330e-04  ,4.999569061460e+00  ,3.177356140497e+00  ,3.499698343022e+00  ,1.330935864654e+01  ,1.350000000000e+01  
  1.491270133974e-04  ,4.999568470590e+00  ,3.179223389469e+00  ,3.499697929413e+00  ,1.330924661160e+01  ,1.350000000000e+01  
  1.491274510725e-04  ,4.999567961457e+00  ,3.180863880742e+00  ,3.499697573020e+00  ,1.330914818212e+01  ,1.350000000000e+01  
  1.491279158024e-04  ,4.999567431070e+00  ,3.182605750656e+00  ,3.499697201749e+00  ,1.330904366993e+01  ,1.350000000000e+01  
  1.491282800893e-04  ,4.999567022664e+00  ,3.183971125778e+00  ,3.499696915865e+00  ,1.330896174742e+01  ,1.350000000000e+01  
  1.491286759479e-04  ,4.999566586180e+00  ,3.185454814145e+00  ,3.499696610326e+00  ,1.330887272612e+01  ,1.350000000000e+01  
  1.491294676652e-04  ,4.999565736039e+00  ,3.188422127038e+00  ,3.499696015228e+00  ,1.330869468734e+01  ,1.350000000000e+01  
  1.491303549362e-04  ,4.999564819408e+00  ,3.191747468760e+00  ,3.499695373585e+00  ,1.330849516684e+01  ,1.350000000000e+01  
  1.491318132011e-04  ,4.999563395561e+00  ,3.197212566650e+00  ,3.499694376893e+00  ,1.330816726096e+01  ,1.350000000000e+01  
  1.491336123301e-04  ,4.999561780122e+00  ,3.203954713019e+00  ,3.499693246085e+00  ,1.330776273218e+01  ,1.350000000000e+01  
  1.491353835194e-04  ,4.999560341641e+00  ,3.210591727204e+00  ,3.499692239148e+00  ,1.330736451133e+01  ,1.350000000000e+01  
  1.491370619489e-04  ,4.999559117054e+00  ,3.216880757967e+00  ,3.499691381938e+00  ,1.330698716948e+01  ,1.350000000000e+01  
  1.491382404445e-04  ,4.999558337563e+00  ,3.221296320685e+00  ,3.499690836294e+00  ,1.330672223572e+01  ,1.350000000000e+01  
  1.491395606874e-04  ,4.999557542845e+00  ,3.226242754975e+00  ,3.499690279992e+00  ,1.330642544966e+01  ,1.350000000000e+01  
  1.491404639771e-04  ,4.999557046756e+00  ,3.229626892276e+00  ,3.499689932729e+00  ,1.330622240142e+01  ,1.350000000000e+01  
  1.491407589736e-04  ,4.999556893122e+00  ,3.230732060004e+00  ,3.499689825185e+00  ,1.330615609135e+01  ,1.350000000000e+01  
  1.491409777878e-04  ,4.999556781824e+00  ,3.231551812919e+00  ,3.499689747277e+00  ,1.330610690618e+01  ,1.350000000000e+01  
  1.491412257990e-04  ,4.999556658415e+00  ,3.232480939762e+00  ,3.499689660891e+00  ,1.330605115857e+01  ,1.350000000000e+01  
  1.491415302018e-04  ,4.999556510922e+00  ,3.233621315517e+00  ,3.499689557645e+00  ,1.330598273602e+01  ,1.350000000000e+01  
  1.491419058042e-04  ,4.999556334963e+00  ,3.235028407041e+00  ,3.499689434474e+00  ,1.330589831053e+01  ,1.350000000000e+01  
  1.491422984032e-04  ,4.999556158161e+00  ,3.236499151301e+00  ,3.499689310713e+00  ,1.330581006587e+01  ,1.350000000000e+01  
  1.491430836013e-04  ,4.999555826369e+00  ,3.239440576921e+00  ,3.499689078458e+00  ,1.330563358034e+01  ,1.350000000000e+01  
  1.491437787404e-04  ,4.999555556866e+00  ,3.242044563484e+00  ,3.499688889806e+00  ,1.330547734114e+01  ,1.350000000000e+01  
  1.491445164411e-04  ,4.999555295724e+00  ,3.244807913014e+00  ,3.499688707006e+00  ,1.330531154017e+01  ,1.350000000000e+01  
  1.491451381920e-04  ,4.999555095483e+00  ,3.247136869710e+00  ,3.499688566838e+00  ,1.330517180277e+01  ,1.350000000000e+01  
  1.491456517233e-04  ,4.999554943776e+00  ,3.249060417108e+00  ,3.499688460643e+00  ,1.330505638992e+01  ,1.350000000000e+01  
  1.491461720532e-04  ,4.999554802670e+00  ,3.251009393802e+00  ,3.499688361869e+00  ,1.330493945132e+01  ,1.350000000000e+01  
  1.491468131757e-04  ,4.999554646246e+00  ,3.253410767077e+00  ,3.499688252372e+00  ,1.330479536892e+01  ,1.350000000000e+01  
  1.491477357438e-04  ,4.999554454875e+00  ,3.256866218537e+00  ,3.499688118412e+00  ,1.330458804184e+01  ,1.350000000000e+01  
  1.491486530034e-04  ,4.999554304001e+00  ,3.260301672172e+00  ,3.499688012801e+00  ,1.330438191462e+01  ,1.350000000000e+01  
  1.491504875226e-04  ,4.999554119802e+00  ,3.267172235820e+00  ,3.499687883861e+00  ,1.330396968080e+01  ,1.350000000000e+01  
  1.491534234239e-04  ,4.999554150163e+00  ,3.278166695464e+00  ,3.499687905114e+00  ,1.330331001322e+01  ,1.350000000000e+01  
  1.491577089979e-04  ,4.999554908383e+00  ,3.294213345777e+00  ,3.499688435868e+00  ,1.330234721419e+01  ,1.350000000000e+01  
  1.491628886415e-04  ,4.999556948425e+00  ,3.313604356987e+00  ,3.499689863897e+00  ,1.330118375352e+01  ,1.350000000000e+01  
  1.491732479287e-04  ,4.999564676736e+00  ,3.352375400665e+00  ,3.499695273715e+00  ,1.329885749089e+01  ,1.350000000000e+01  
  1.491855279757e-04  ,4.999580061592e+00  ,3.398316167983e+00  ,3.499706043115e+00  ,1.329610104484e+01  ,1.350000000000e+01  
  1.491970525338e-04  ,4.999600566308e+00  ,3.441411831292e+00  ,3.499720396416e+00  ,1.329351530503e+01  ,1.350000000000e+01  
  1.492064328147e-04  ,4.999621546323e+00  ,3.476475630770e+00  ,3.499735082426e+00  ,1.329141147705e+01  ,1.350000000000e+01  
  1.492141799284e-04  ,4.999641751180e+00  ,3.505425508759e+00  ,3.499749225826e+00  ,1.328967448437e+01  ,1.350000000000e+01  
  1.492220760537e-04  ,4.999665007611e+00  ,3.534923755607e+00  ,3.499765505328e+00  ,1.328790458955e+01  ,1.350000000000e+01  
  1.492276572837e-04  ,4.999683053703e+00  ,3.555768883306e+00  ,3.499778137592e+00  ,1.328665388188e+01  ,1.350000000000e+01  
  1.492337898566e-04  ,4.999704413170e+00  ,3.578668269496e+00  ,3.499793089219e+00  ,1.328527991871e+01  ,1.350000000000e+01  
  1.492460550023e-04  ,4.999751909880e+00  ,3.624451533524e+00  ,3.499826336916e+00  ,1.328253292285e+01  ,1.350000000000e+01  
  1.492615820123e-04  ,4.999821123013e+00  ,3.682380974087e+00  ,3.499874786109e+00  ,1.327905715641e+01  ,1.350000000000e+01  
  1.492753387643e-04  ,4.999890866829e+00  ,3.733678029812e+00  ,3.499923606780e+00  ,1.327597933305e+01  ,1.350000000000e+01  
  1.492778388066e-04  ,4.999904389936e+00  ,3.742997545505e+00  ,3.499933072955e+00  ,1.327542016211e+01  ,1.350000000000e+01  
  1.492798176808e-04  ,4.999915278441e+00  ,3.750373668855e+00  ,3.499940694909e+00  ,1.327497759471e+01  ,1.350000000000e+01  
  1.492806466511e-04  ,4.999919888139e+00  ,3.753463440173e+00  ,3.499943921697e+00  ,1.327479220843e+01  ,1.350000000000e+01  
  1.492809238592e-04  ,4.999921435997e+00  ,3.754496640481e+00  ,3.499945005198e+00  ,1.327473021641e+01  ,1.350000000000e+01  
  1.492813502187e-04  ,4.999923822905e+00  ,3.756085731486e+00  ,3.499946676034e+00  ,1.327463487095e+01  ,1.350000000000e+01  
  1.492818814451e-04  ,4.999926807454e+00  ,3.758065638500e+00  ,3.499948765218e+00  ,1.327451607653e+01  ,1.350000000000e+01  
  1.492825047793e-04  ,4.999930324420e+00  ,3.760388786153e+00  ,3.499951227094e+00  ,1.327437668767e+01  ,1.350000000000e+01  
  1.492831668565e-04  ,4.999934077639e+00  ,3.762856269101e+00  ,3.499953854348e+00  ,1.327422863869e+01  ,1.350000000000e+01  
  1.492838361049e-04  ,4.999937889994e+00  ,3.765350416672e+00  ,3.499956522996e+00  ,1.327407898983e+01  ,1.350000000000e+01  
  1.492844488220e-04  ,4.999941396611e+00  ,3.767633829848e+00  ,3.499958977628e+00  ,1.327394198504e+01  ,1.350000000000e+01  
  1.492850403981e-04  ,4.999944797010e+00  ,3.769838407566e+00  ,3.499961357907e+00  ,1.327380971038e+01  ,1.350000000000e+01  
  1.492854229389e-04  ,4.999947003593e+00  ,3.771263964792e+00  ,3.499962902515e+00  ,1.327372417694e+01  ,1.350000000000e+01  
  1.492858599620e-04  ,4.999949531867e+00  ,3.772892528559e+00  ,3.499964672307e+00  ,1.327362646312e+01  ,1.350000000000e+01  
  1.492866099561e-04  ,4.999953889198e+00  ,3.775687315018e+00  ,3.499967722439e+00  ,1.327345877593e+01  ,1.350000000000e+01  
  1.492873720573e-04  ,4.999958340750e+00  ,3.778527138261e+00  ,3.499970838525e+00  ,1.327328838653e+01  ,1.350000000000e+01  
  1.492879913869e-04  ,4.999961976074e+00  ,3.780834891032e+00  ,3.499973383252e+00  ,1.327314992137e+01  ,1.350000000000e+01  
  1.492886352101e-04  ,4.999965772017e+00  ,3.783233856640e+00  ,3.499976040412e+00  ,1.327300598343e+01  ,1.350000000000e+01  
  1.492899228567e-04  ,4.999973415404e+00  ,3.788031616019e+00  ,3.499981390783e+00  ,1.327271811787e+01  ,1.350000000000e+01  
  1.492911296645e-04  ,4.999980641252e+00  ,3.792527962759e+00  ,3.499986448876e+00  ,1.327244833706e+01  ,1.350000000000e+01  
  1.492935432801e-04  ,4.999995273756e+00  ,3.801520052334e+00  ,3.499996691629e+00  ,1.327190881169e+01  ,1.350000000000e+01  
  1.492952382872e-04  ,5.000005693726e+00  ,3.807834435518e+00  ,3.500003985609e+00  ,1.327152994869e+01  ,1.350000000000e+01  
  1.492966093803e-04  ,5.000014209353e+00  ,3.812941856383e+00  ,3.500009946547e+00  ,1.327122350344e+01  ,1.350000000000e+01  
  1.492978366772e-04  ,5.000021897781e+00  ,3.817513405491e+00  ,3.500015328446e+00  ,1.327094921049e+01  ,1.350000000000e+01  
  1.492987743328e-04  ,5.000027813677e+00  ,3.821005931409e+00  ,3.500019469574e+00  ,1.327073965894e+01  ,1.350000000000e+01  
  1.492992082825e-04  ,5.000030563864e+00  ,3.822622241509e+00  ,3.500021394705e+00  ,1.327064268033e+01  ,1.350000000000e+01  
  1.492994578770e-04  ,5.000032149210e+00  ,3.823551881190e+00  ,3.500022504447e+00  ,1.327058690195e+01  ,1.350000000000e+01  
  1.492997094272e-04  ,5.000033749581e+00  ,3.824488796641e+00  ,3.500023624707e+00  ,1.327053068702e+01  ,1.350000000000e+01  
  1.492999794642e-04  ,5.000035470473e+00  ,3.825494557485e+00  ,3.500024829331e+00  ,1.327047034137e+01  ,1.350000000000e+01  
  1.493002805142e-04  ,5.000037392554e+00  ,3.826615815442e+00  ,3.500026174788e+00  ,1.327040306589e+01  ,1.350000000000e+01  
  1.493005342996e-04  ,5.000039015777e+00  ,3.827561027027e+00  ,3.500027311044e+00  ,1.327034635320e+01  ,1.350000000000e+01  
  1.493007295979e-04  ,5.000040266724e+00  ,3.828288400298e+00  ,3.500028186707e+00  ,1.327030271080e+01  ,1.350000000000e+01  
  1.493009370733e-04  ,5.000041597394e+00  ,3.829061120223e+00  ,3.500029118175e+00  ,1.327025634761e+01  ,1.350000000000e+01  
  1.493011665046e-04  ,5.000043070949e+00  ,3.829915605729e+00  ,3.500030149664e+00  ,1.327020507848e+01  ,1.350000000000e+01  
  1.493014460877e-04  ,5.000044869548e+00  ,3.830956864604e+00  ,3.500031408683e+00  ,1.327014260294e+01  ,1.350000000000e+01  
  1.493020052537e-04  ,5.000048476424e+00  ,3.833039349909e+00  ,3.500033933497e+00  ,1.327001765382e+01  ,1.350000000000e+01  
  1.493023979459e-04  ,5.000051017180e+00  ,3.834501815603e+00  ,3.500035712026e+00  ,1.326992990588e+01  ,1.350000000000e+01  
  1.493027572036e-04  ,5.000053347184e+00  ,3.835839745784e+00  ,3.500037343029e+00  ,1.326984963007e+01  ,1.350000000000e+01  
  1.493030852620e-04  ,5.000055479494e+00  ,3.837061469410e+00  ,3.500038835646e+00  ,1.326977632665e+01  ,1.350000000000e+01  
  1.493033612128e-04  ,5.000057276554e+00  ,3.838089127744e+00  ,3.500040093588e+00  ,1.326971466715e+01  ,1.350000000000e+01  
  1.493035051022e-04  ,5.000058214843e+00  ,3.838624976459e+00  ,3.500040750390e+00  ,1.326968251623e+01  ,1.350000000000e+01  
  1.493035372852e-04  ,5.000058424822e+00  ,3.838744826695e+00  ,3.500040897375e+00  ,1.326967532522e+01  ,1.350000000000e+01  
  1.493035587900e-04  ,5.000058565156e+00  ,3.838824911025e+00  ,3.500040995609e+00  ,1.326967052016e+01  ,1.350000000000e+01  
  1.493035906413e-04  ,5.000058773041e+00  ,3.838943525456e+00  ,3.500041141129e+00  ,1.326966340330e+01  ,1.350000000000e+01  
  1.493036543437e-04  ,5.000059188936e+00  ,3.839180753898e+00  ,3.500041432255e+00  ,1.326964916958e+01  ,1.350000000000e+01  
  1.493037722957e-04  ,5.000059959453e+00  ,3.839620006539e+00  ,3.500041971617e+00  ,1.326962281442e+01  ,1.350000000000e+01  
  1.493038822849e-04  ,5.000060678470e+00  ,3.840029603991e+00  ,3.500042474929e+00  ,1.326959823858e+01  ,1.350000000000e+01  
  1.493039771052e-04  ,5.000061298727e+00  ,3.840382711374e+00  ,3.500042909109e+00  ,1.326957705213e+01  ,1.350000000000e+01  
  1.493040289217e-04  ,5.000061637834e+00  ,3.840575673520e+00  ,3.500043146484e+00  ,1.326956547440e+01  ,1.350000000000e+01  
  1.493040780431e-04  ,5.000061959407e+00  ,3.840758599210e+00  ,3.500043371585e+00  ,1.326955449887e+01  ,1.350000000000e+01  
  1.493040881610e-04  ,5.000062025657e+00  ,3.840796277872e+00  ,3.500043417960e+00  ,1.326955223815e+01  ,1.350000000000e+01  
  1.493041083969e-04  ,5.000062158168e+00  ,3.840871635154e+00  ,3.500043510718e+00  ,1.326954771672e+01  ,1.350000000000e+01  
  1.493041278179e-04  ,5.000062285359e+00  ,3.840943957716e+00  ,3.500043599751e+00  ,1.326954337737e+01  ,1.350000000000e+01  
  1.493041666599e-04  ,5.000062539787e+00  ,3.841088602683e+00  ,3.500043777851e+00  ,1.326953469866e+01  ,1.350000000000e+01  
  1.493042245998e-04  ,5.000062919430e+00  ,3.841304366719e+00  ,3.500044043601e+00  ,1.326952175281e+01  ,1.350000000000e+01  
  1.493042980113e-04  ,5.000063400649e+00  ,3.841577745198e+00  ,3.500044380454e+00  ,1.326950535010e+01  ,1.350000000000e+01  
  1.493043964870e-04  ,5.000064046513e+00  ,3.841944459624e+00  ,3.500044832559e+00  ,1.326948334724e+01  ,1.350000000000e+01  
  1.493044683153e-04  ,5.000064428030e+00  ,3.841899426060e+00  ,3.500045099621e+00  ,-3.395103191699e-01  ,1.350000000000e+01  
  1.493045018254e-04  ,5.000064572385e+00  ,3.841831007990e+00  ,3.500045200670e+00  ,-4.049944661712e-01  ,1.350000000000e+01  
  1.493045112958e-04  ,5.000064609156e+00  ,3.841808218908e+00  ,3.500045226409e+00  ,-3.938326743030e-01  ,1.350000000000e+01  
  1.493045289618e-04  ,5.000064673379e+00  ,3.841764851056e+00  ,3.500045271366e+00  ,-3.933145218250e-01  ,1.350000000000e+01  
  1.493045420906e-04  ,5.000064717890e+00  ,3.841732330352e+00  ,3.500045302523e+00  ,-3.934498480319e-01  ,1.350000000000e+01  
  1.493045584237e-04  ,5.000064770024e+00  ,3.841691717790e+00  ,3.500045339017e+00  ,-3.934558464461e-01  ,1.350000000000e+01  
  1.493045767038e-04  ,5.000064825290e+00  ,3.841646263895e+00  ,3.500045377703e+00  ,-3.934460359483e-01  ,1.350000000000e+01  
  1.493046013693e-04  ,5.000064895705e+00  ,3.841584932689e+00  ,3.500045426994e+00  ,-3.934396832834e-01  ,1.350000000000e+01  
  1.493046370447e-04  ,5.000064992354e+00  ,3.841496225115e+00  ,3.500045494648e+00  ,-3.934309620483e-01  ,1.350000000000e+01  
  1.493046776388e-04  ,5.000065097394e+00  ,3.841395287710e+00  ,3.500045568176e+00  ,-3.934208973698e-01  ,1.350000000000e+01  
  1.493047419117e-04  ,5.000065258099e+00  ,3.841235473019e+00  ,3.500045680669e+00  ,-3.934048549108e-01  ,1.350000000000e+01  
  1.493048118540e-04  ,5.000065428578e+00  ,3.841061561922e+00  ,3.500045800005e+00  ,-3.933874172600e-01  ,1.350000000000e+01  
  1.493048588392e-04  ,5.000065542572e+00  ,3.840944733865e+00  ,3.500045879800e+00  ,-3.933757026428e-01  ,1.350000000000e+01  
  1.493049173728e-04  ,5.000065684208e+00  ,3.840799191299e+00  ,3.500045978946e+00  ,-3.933612250792e-01  ,1.350000000000e+01  
  1.493049650973e-04  ,5.000065799547e+00  ,3.840680525819e+00  ,3.500046059683e+00  ,-3.933493701020e-01  ,1.350000000000e+01  
  1.493050237590e-04  ,5.000065941169e+00  ,3.840534665681e+00  ,3.500046158819e+00  ,-3.933347037263e-01  ,1.350000000000e+01  
  1.493050673973e-04  ,5.000066046436e+00  ,3.840426160976e+00  ,3.500046232506e+00  ,-3.933238421807e-01  ,1.350000000000e+01  
  1.493051238412e-04  ,5.000066182488e+00  ,3.840285815869e+00  ,3.500046327742e+00  ,-3.933097775295e-01  ,1.350000000000e+01  
  1.493051586611e-04  ,5.000066266359e+00  ,3.840199238334e+00  ,3.500046386451e+00  ,-3.933011536490e-01  ,1.350000000000e+01  
  1.493051976835e-04  ,5.000066360301e+00  ,3.840102211480e+00  ,3.500046452211e+00  ,-3.932914693189e-01  ,1.350000000000e+01  
  1.493052398142e-04  ,5.000066461665e+00  ,3.839997456285e+00  ,3.500046523165e+00  ,-3.932810095941e-01  ,1.350000000000e+01  
  1.493053032489e-04  ,5.000066614164e+00  ,3.839839730551e+00  ,3.500046629915e+00  ,-3.932652546525e-01  ,1.350000000000e+01  
  1.493053642738e-04  ,5.000066760735e+00  ,3.839687997113e+00  ,3.500046732515e+00  ,-3.932500075197e-01  ,1.350000000000e+01  
  1.493053985523e-04  ,5.000066843007e+00  ,3.839602766675e+00  ,3.500046790105e+00  ,-3.932414480067e-01  ,1.350000000000e+01  
  1.493054194052e-04  ,5.000066893036e+00  ,3.839550917875e+00  ,3.500046825125e+00  ,-3.932362212356e-01  ,1.350000000000e+01  
  1.493054285656e-04  ,5.000066915009e+00  ,3.839528141327e+00  ,3.500046840506e+00  ,-3.932338888440e-01  ,1.350000000000e+01  
  1.493054372022e-04  ,5.000066935723e+00  ,3.839506667340e+00  ,3.500046855006e+00  ,-3.932316985071e-01  ,1.350000000000e+01  
  1.493054544753e-04  ,5.000066977141e+00  ,3.839463719397e+00  ,3.500046883999e+00  ,-3.932275021112e-01  ,1.350000000000e+01  
  1.493054890215e-04  ,5.000067059944e+00  ,3.839377823630e+00  ,3.500046941961e+00  ,-3.932189941495e-01  ,1.350000000000e+01  
  1.493055132825e-04  ,5.000067118069e+00  ,3.839317501306e+00  ,3.500046982648e+00  ,-3.932129441632e-01  ,1.350000000000e+01  
  1.493055366587e-04  ,5.000067174055e+00  ,3.839259378912e+00  ,3.500047021839e+00  ,-3.932071477595e-01  ,1.350000000000e+01  
  1.493055789175e-04  ,5.000067275215e+00  ,3.839154307241e+00  ,3.500047092650e+00  ,-3.931966419780e-01  ,1.350000000000e+01  
  1.493056113857e-04  ,5.000067352895e+00  ,3.839073578783e+00  ,3.500047147026e+00  ,-3.931885894894e-01  ,1.350000000000e+01  
  1.493056410716e-04  ,5.000067423886e+00  ,3.838999768378e+00  ,3.500047196720e+00  ,-3.931811438694e-01  ,1.350000000000e+01  
  1.493056714560e-04  ,5.000067496514e+00  ,3.838924221382e+00  ,3.500047247560e+00  ,-3.931735255066e-01  ,1.350000000000e+01  
  1.493057140989e-04  ,5.000067598389e+00  ,3.838818195290e+00  ,3.500047318872e+00  ,-3.931628950837e-01  ,1.350000000000e+01  
  1.493057655079e-04  ,5.000067721119e+00  ,3.838690373823e+00  ,3.500047404783e+00  ,-3.931501685270e-01  ,1.350000000000e+01  
  1.493058625517e-04  ,5.000067952539e+00  ,3.838449088616e+00  ,3.500047566777e+00  ,-3.931260642737e-01  ,1.350000000000e+01  
  1.493059615979e-04  ,5.000068188387e+00  ,3.838202826183e+00  ,3.500047731871e+00  ,-3.931013887092e-01  ,1.350000000000e+01  
  1.493061104465e-04  ,5.000068542169e+00  ,3.837832740343e+00  ,3.500047979518e+00  ,-3.930643481077e-01  ,1.350000000000e+01  
  1.493062718447e-04  ,5.000068924887e+00  ,3.837431455579e+00  ,3.500048247421e+00  ,-3.930241893972e-01  ,1.350000000000e+01  
  1.493064084698e-04  ,5.000069248136e+00  ,3.837091767178e+00  ,3.500048473695e+00  ,-3.929901912007e-01  ,1.350000000000e+01  
  1.493065318700e-04  ,5.000069539526e+00  ,3.836784961477e+00  ,3.500048677668e+00  ,-3.929594829441e-01  ,1.350000000000e+01  
  1.493067246771e-04  ,5.000069993726e+00  ,3.836305596146e+00  ,3.500048995608e+00  ,-3.929115150119e-01  ,1.350000000000e+01  
  1.493070624212e-04  ,5.000070786174e+00  ,3.835465893980e+00  ,3.500049550322e+00  ,-3.928275252989e-01  ,1.350000000000e+01  
  1.493076744864e-04  ,5.000072211957e+00  ,3.833944211717e+00  ,3.500050548370e+00  ,-3.926752381775e-01  ,1.350000000000e+01  
  1.493084105106e-04  ,5.000073908944e+00  ,3.832114416226e+00  ,3.500051736260e+00  ,-3.924921363573e-01  ,1.350000000000e+01  
  1.493089730294e-04  ,5.000075192993e+00  ,3.830716013572e+00  ,3.500052635095e+00  ,-3.923522039965e-01  ,1.350000000000e+01  
  1.493094437199e-04  ,5.000076258855e+00  ,3.829545925945e+00  ,3.500053381198e+00  ,-3.922351187421e-01  ,1.350000000000e+01  
  1.493098324073e-04  ,5.000077142007e+00  ,3.828596258442e+00  ,3.500053999405e+00  ,-2.561223453256e-01  ,1.350000000000e+01  
  1.493101477532e-04  ,5.000077865994e+00  ,3.827844257049e+00  ,3.500054506196e+00  ,-1.119539295717e-01  ,1.350000000000e+01  
  1.493103622600e-04  ,5.000078360448e+00  ,3.827336736220e+00  ,3.500054852314e+00  ,-1.118953904355e-01  ,1.350000000000e+01  
  1.493104936929e-04  ,5.000078663445e+00  ,3.827026488655e+00  ,3.500055064411e+00  ,-1.118979253578e-01  ,1.350000000000e+01  
  1.493107565587e-04  ,5.000079268055e+00  ,3.826406324427e+00  ,3.500055487639e+00  ,-1.118804101229e-01  ,1.350000000000e+01  
  1.493111070620e-04  ,5.000080070774e+00  ,3.825579593347e+00  ,3.500056049542e+00  ,-1.118567454497e-01  ,1.350000000000e+01  
  1.493118080685e-04  ,5.000081663993e+00  ,3.823926362226e+00  ,3.500057164795e+00  ,-1.118094638800e-01  ,1.350000000000e+01  
  1.493124867233e-04  ,5.000083190772e+00  ,3.822325868638e+00  ,3.500058233541e+00  ,-1.117637067348e-01  ,1.350000000000e+01  
  1.493132695930e-04  ,5.000084932955e+00  ,3.820479630654e+00  ,3.500059453069e+00  ,-1.117109217172e-01  ,1.350000000000e+01  
  1.493138610760e-04  ,5.000086235720e+00  ,3.819084759977e+00  ,3.500060365004e+00  ,-1.116710392003e-01  ,1.350000000000e+01  
  1.493143187745e-04  ,5.000087235852e+00  ,3.818005400185e+00  ,3.500061065097e+00  ,-1.116401782612e-01  ,1.350000000000e+01  
  1.493147809433e-04  ,5.000088238713e+00  ,3.816915509130e+00  ,3.500061767099e+00  ,-1.116090161963e-01  ,1.350000000000e+01  
  1.493152523788e-04  ,5.000089254401e+00  ,3.815803776594e+00  ,3.500062478081e+00  ,-1.115772296926e-01  ,1.350000000000e+01  
  1.493156421373e-04  ,5.000090088579e+00  ,3.814884662164e+00  ,3.500063062006e+00  ,-1.115509504168e-01  ,1.350000000000e+01  
  1.493160777634e-04  ,5.000091014996e+00  ,3.813857393516e+00  ,3.500063710497e+00  ,-1.115215789047e-01  ,1.350000000000e+01  
  1.493167258708e-04  ,5.000092381725e+00  ,3.812329081697e+00  ,3.500064667208e+00  ,-1.114778813123e-01  ,1.350000000000e+01  
  1.493174637577e-04  ,5.000093920976e+00  ,3.810589085634e+00  ,3.500065744683e+00  ,-1.114281314552e-01  ,1.350000000000e+01  
  1.493180179877e-04  ,5.000095065376e+00  ,3.809282185283e+00  ,3.500066545763e+00  ,-1.113907645931e-01  ,1.350000000000e+01  
  1.493187344542e-04  ,5.000096529870e+00  ,3.807592747230e+00  ,3.500067570909e+00  ,-1.113424602666e-01  ,1.350000000000e+01  
  1.493193874976e-04  ,5.000097850124e+00  ,3.806052884546e+00  ,3.500068495087e+00  ,-1.112984324491e-01  ,1.350000000000e+01  
  1.493200289926e-04  ,5.000099133500e+00  ,3.804540273993e+00  ,3.500069393450e+00  ,-1.112551839153e-01  ,1.350000000000e+01  
  1.493211227378e-04  ,5.000101290807e+00  ,3.801961330352e+00  ,3.500070903565e+00  ,-1.111814465460e-01  ,1.350000000000e+01  
  1.493220062835e-04  ,5.000103005194e+00  ,3.799878061177e+00  ,3.500072103636e+00  ,-1.111218816987e-01  ,1.350000000000e+01  
  1.493224732487e-04  ,5.000103901064e+00  ,3.798777043101e+00  ,3.500072730745e+00  ,-1.110904017105e-01  ,1.350000000000e+01  
  1.493225631795e-04  ,5.000104072787e+00  ,3.798565003981e+00  ,3.500072850951e+00  ,-1.110843417036e-01  ,1.350000000000e+01  
  1.493226183254e-04  ,5.000104177958e+00  ,3.798434980973e+00  ,3.500072924570e+00  ,-1.110806267189e-01  ,1.350000000000e+01  
  1.493226697635e-04  ,5.000104275969e+00  ,3.798313700417e+00  ,3.500072993178e+00  ,-1.110771615448e-01  ,1.350000000000e+01  
  1.493227584022e-04  ,5.000104444663e+00  ,3.798104708961e+00  ,3.500073111264e+00  ,-1.110711822797e-01  ,1.350000000000e+01  
  1.493228536299e-04  ,5.000104625615e+00  ,3.797880182208e+00  ,3.500073237930e+00  ,-1.110647620729e-01  ,1.350000000000e+01  
  1.493229343523e-04  ,5.000104778774e+00  ,3.797689856349e+00  ,3.500073345142e+00  ,-1.110593207935e-01  ,1.350000000000e+01  
  1.493230072748e-04  ,5.000104916953e+00  ,3.797517921074e+00  ,3.500073441867e+00  ,-1.110544068257e-01  ,1.350000000000e+01  
  1.493231531200e-04  ,5.000105192798e+00  ,3.797174051342e+00  ,3.500073634959e+00  ,-1.110445713451e-01  ,1.350000000000e+01  
  1.493233072538e-04  ,5.000105483576e+00  ,3.796810639751e+00  ,3.500073838503e+00  ,-1.110341811059e-01  ,1.350000000000e+01  
  1.493236155216e-04  ,5.000106062836e+00  ,3.796083820219e+00  ,3.500074243985e+00  ,-1.110133977981e-01  ,1.350000000000e+01  
  1.493242320572e-04  ,5.000107212187e+00  ,3.794630195760e+00  ,3.500075048531e+00  ,-1.109718348603e-01  ,1.350000000000e+01  
  1.493250425872e-04  ,5.000108704615e+00  ,3.792719214263e+00  ,3.500076093230e+00  ,-1.109171956959e-01  ,1.350000000000e+01  
  1.493257841994e-04  ,5.000110051701e+00  ,3.790970749483e+00  ,3.500077036190e+00  ,-1.108672034888e-01  ,1.350000000000e+01  
  1.493263572421e-04  ,5.000111080542e+00  ,3.789619732271e+00  ,3.500077756379e+00  ,-1.108285753095e-01  ,1.350000000000e+01  
  1.493268147544e-04  ,5.000111894430e+00  ,3.788541104333e+00  ,3.500078326101e+00  ,-1.107977353700e-01  ,1.350000000000e+01  
  1.493272369229e-04  ,5.000112639522e+00  ,3.787545811981e+00  ,3.500078847665e+00  ,-1.107692780473e-01  ,1.350000000000e+01  
  1.493276440971e-04  ,5.000113352770e+00  ,3.786585878400e+00  ,3.500079346939e+00  ,-1.107418321714e-01  ,1.350000000000e+01  
  1.493279759739e-04  ,5.000113930218e+00  ,3.785803468560e+00  ,3.500079751153e+00  ,-1.107194612170e-01  ,1.350000000000e+01  
  1.493283478510e-04  ,5.000114573106e+00  ,3.784926763473e+00  ,3.500080201174e+00  ,-1.106943948622e-01  ,1.350000000000e+01  
  1.493290916052e-04  ,5.000115845714e+00  ,3.783173374578e+00  ,3.500081092000e+00  ,-1.106442605353e-01  ,1.350000000000e+01  
  1.493298347075e-04  ,5.000117099702e+00  ,3.781421550927e+00  ,3.500081969792e+00  ,-1.105941721929e-01  ,1.350000000000e+01  
  1.493304662373e-04  ,5.000118151688e+00  ,3.779932775582e+00  ,3.500082706181e+00  ,-1.105516047352e-01  ,1.350000000000e+01  
  1.493311976981e-04  ,5.000119354396e+00  ,3.778208447592e+00  ,3.500083548077e+00  ,-1.105023027540e-01  ,1.350000000000e+01  
  1.493321289275e-04  ,5.000120861191e+00  ,3.776013229424e+00  ,3.500084602834e+00  ,-1.104395364053e-01  ,1.350000000000e+01  
  1.493329681423e-04  ,5.000122195749e+00  ,3.774034958640e+00  ,3.500085537024e+00  ,-1.103829735137e-01  ,1.350000000000e+01  
  1.493346327883e-04  ,5.000124777690e+00  ,3.770111015953e+00  ,3.500087344383e+00  ,-1.102707784740e-01  ,1.350000000000e+01  
  1.493368787658e-04  ,5.000128124237e+00  ,3.764816970451e+00  ,3.500089686966e+00  ,-1.101194098053e-01  ,1.350000000000e+01  
  1.493386814338e-04  ,5.000130696978e+00  ,3.760568047695e+00  ,3.500091487884e+00  ,-1.099979226634e-01  ,1.350000000000e+01  
  1.493401139942e-04  ,5.000132669838e+00  ,3.757191594740e+00  ,3.500092868887e+00  ,-1.099013815380e-01  ,1.350000000000e+01  
  1.493412842941e-04  ,5.000134234580e+00  ,3.754433351160e+00  ,3.500093964206e+00  ,-1.098225178752e-01  ,1.350000000000e+01  
  1.493419962902e-04  ,5.000135165943e+00  ,3.752755304133e+00  ,3.500094616160e+00  ,-1.097745394440e-01  ,1.350000000000e+01  
  1.493425347809e-04  ,5.000135860011e+00  ,3.751486195508e+00  ,3.500095102008e+00  ,-1.097382514275e-01  ,1.350000000000e+01  
  1.493429251448e-04  ,5.000136357602e+00  ,3.750566199858e+00  ,3.500095450321e+00  ,-1.097119454507e-01  ,1.350000000000e+01  
  1.493434642874e-04  ,5.000137037171e+00  ,3.749295580568e+00  ,3.500095926020e+00  ,-1.096756148678e-01  ,1.350000000000e+01  
  1.493441015915e-04  ,5.000137829015e+00  ,3.747793639633e+00  ,3.500096480310e+00  ,-1.096326733409e-01  ,1.350000000000e+01  
  1.493447335870e-04  ,5.000138602023e+00  ,3.746304230040e+00  ,3.500097021416e+00  ,-1.095900890444e-01  ,1.350000000000e+01  
  1.493459506393e-04  ,5.000140056370e+00  ,3.743436088087e+00  ,3.500098039459e+00  ,-1.095080794898e-01  ,1.350000000000e+01  
  1.493465112024e-04  ,5.000140711077e+00  ,3.742115074081e+00  ,3.500098497754e+00  ,-1.094703091293e-01  ,1.350000000000e+01  
  1.493469281089e-04  ,5.000141191813e+00  ,3.741132609218e+00  ,3.500098834269e+00  ,-1.094422180610e-01  ,1.350000000000e+01  
  1.493473395207e-04  ,5.000141661046e+00  ,3.740163101963e+00  ,3.500099162732e+00  ,-1.094144974869e-01  ,1.350000000000e+01  
  1.493478799671e-04  ,5.000142269658e+00  ,3.738889532739e+00  ,3.500099588760e+00  ,-1.093780830703e-01  ,1.350000000000e+01  
  1.493483748720e-04  ,5.000142819229e+00  ,3.737723296270e+00  ,3.500099973460e+00  ,-1.093447374675e-01  ,1.350000000000e+01  
  1.493487988566e-04  ,5.000143284158e+00  ,3.736724192362e+00  ,3.500100298911e+00  ,-1.093161706708e-01  ,1.350000000000e+01  
  1.493493125741e-04  ,5.000143840212e+00  ,3.735513648567e+00  ,3.500100688149e+00  ,-1.092815582210e-01  ,1.350000000000e+01  
  1.493499239874e-04  ,5.000144491641e+00  ,3.734072908503e+00  ,3.500101144148e+00  ,-1.092403640202e-01  ,1.350000000000e+01  
  1.493506733295e-04  ,5.000145274665e+00  ,3.732307177816e+00  ,3.500101692266e+00  ,-1.091898774140e-01  ,1.350000000000e+01  
  1.493512329612e-04  ,5.000145848436e+00  ,3.730988494782e+00  ,3.500102093905e+00  ,-1.091521730152e-01  ,1.350000000000e+01  
  1.493519400213e-04  ,5.000146559904e+00  ,3.729322443393e+00  ,3.500102591933e+00  ,-1.091045364369e-01  ,1.350000000000e+01  
  1.493524911780e-04  ,5.000147104096e+00  ,3.728023766324e+00  ,3.500102972867e+00  ,-1.090674040497e-01  ,1.350000000000e+01  
  1.493531512995e-04  ,5.000147743898e+00  ,3.726468358926e+00  ,3.500103420728e+00  ,-1.090229311017e-01  ,1.350000000000e+01  
  1.493538442966e-04  ,5.000148401535e+00  ,3.724835512575e+00  ,3.500103881074e+00  ,-1.089762439550e-01  ,1.350000000000e+01  
  1.493545518224e-04  ,5.000149058149e+00  ,3.723168459296e+00  ,3.500104340705e+00  ,-1.089285786011e-01  ,1.350000000000e+01  
  1.493554229815e-04  ,5.000149846113e+00  ,3.721115892931e+00  ,3.500104892279e+00  ,-1.088698907226e-01  ,1.350000000000e+01  
  1.493562908810e-04  ,5.000150608644e+00  ,3.719071045650e+00  ,3.500105426051e+00  ,-1.088114232505e-01  ,1.350000000000e+01  
  1.493580266800e-04  ,5.000152066588e+00  ,3.714981467814e+00  ,3.500106446611e+00  ,-1.086944920672e-01  ,1.350000000000e+01  
  1.493607610431e-04  ,5.000154182263e+00  ,3.708539568497e+00  ,3.500107927584e+00  ,-1.085103016127e-01  ,1.350000000000e+01  
  1.493662297693e-04  ,5.000157753891e+00  ,3.695656929909e+00  ,3.500110427723e+00  ,-1.081419531501e-01  ,1.350000000000e+01  
  1.493771672216e-04  ,5.000162288848e+00  ,3.669896300340e+00  ,3.500113602193e+00  ,-1.074053859710e-01  ,1.350000000000e+01  
  1.493912726608e-04  ,5.000163092623e+00  ,3.636683387009e+00  ,3.500114164836e+00  ,-1.064557314250e-01  ,1.350000000000e+01  
  1.494080573287e-04  ,5.000156743556e+00  ,3.597175411175e+00  ,3.500109720489e+00  ,-1.053260734744e-01  ,1.350000000000e+01  
  1.494187071886e-04  ,5.000148676988e+00  ,3.572115261634e+00  ,3.500104073892e+00  ,-1.046095193511e-01  ,1.350000000000e+01  
  1.494313389030e-04  ,5.000135081542e+00  ,3.542399316117e+00  ,3.500094557080e+00  ,-1.037598349903e-01  ,1.350000000000e+01  
  1.494415223565e-04  ,5.000120979846e+00  ,3.518448974870e+00  ,3.500084685892e+00  ,-1.030750054678e-01  ,1.350000000000e+01  
  1.494539767471e-04  ,5.000099943721e+00  ,3.489165063022e+00  ,3.500069960605e+00  ,-1.022376639933e-01  ,1.350000000000e+01  
  1.494646996227e-04  ,5.000078520791e+00  ,3.463959007900e+00  ,3.500054964554e+00  ,-1.015169196736e-01  ,1.350000000000e+01  
  1.494746118751e-04  ,5.000056004801e+00  ,3.440663877678e+00  ,3.500039203361e+00  ,-1.008508125759e-01  ,1.350000000000e+01  
  1.494832217660e-04  ,5.000034340922e+00  ,3.420433697589e+00  ,3.500024038646e+00  ,-1.002723423680e-01  ,1.350000000000e+01  
  1.494885645774e-04  ,5.000019915733e+00  ,3.407881969748e+00  ,3.500013941013e+00  ,-9.991343159624e-02  ,1.350000000000e+01  
  1.494926258889e-04  ,5.000008448671e+00  ,3.398341850754e+00  ,3.500005914070e+00  ,-9.964063564229e-02  ,1.350000000000e+01  
  1.495003491607e-04  ,4.999985449511e+00  ,3.380202119722e+00  ,3.499989814658e+00  ,-9.912193510550e-02  ,1.350000000000e+01  
  1.495101243224e-04  ,4.999954103939e+00  ,3.357247650962e+00  ,3.499967872757e+00  ,-9.846555492351e-02  ,1.350000000000e+01  
  1.495261341300e-04  ,4.999897386584e+00  ,3.319663737264e+00  ,3.499928170609e+00  ,-9.739083919562e-02  ,1.350000000000e+01  
  1.495421737399e-04  ,4.999833884497e+00  ,3.282023628835e+00  ,3.499883719148e+00  ,-9.631450597541e-02  ,1.350000000000e+01  
  1.495621740785e-04  ,4.999745360800e+00  ,3.235108246879e+00  ,3.499821752560e+00  ,-9.497292697579e-02  ,1.350000000000e+01  
  1.495646741208e-04  ,4.999733568072e+00  ,3.229245338431e+00  ,3.499813497650e+00  ,-9.480527184857e-02  ,1.350000000000e+01  
  1.495696742055e-04  ,4.999709498715e+00  ,3.217520533644e+00  ,3.499796649101e+00  ,-9.446998925072e-02  ,1.350000000000e+01  
  1.495709242266e-04  ,4.999703380580e+00  ,3.214589543357e+00  ,3.499792366406e+00  ,-9.438617465289e-02  ,1.350000000000e+01  
  1.495734242689e-04  ,4.999691023411e+00  ,3.208727816050e+00  ,3.499783716388e+00  ,-9.421855208869e-02  ,1.350000000000e+01  
  1.495736437118e-04  ,4.999689931057e+00  ,3.208213315149e+00  ,3.499782951740e+00  ,-9.420384063143e-02  ,1.350000000000e+01  
  1.495740825976e-04  ,4.999687742624e+00  ,3.207184321156e+00  ,3.499781419837e+00  ,-9.417441531490e-02  ,1.350000000000e+01  
  1.495745148244e-04  ,4.999685582541e+00  ,3.206170949662e+00  ,3.499779907778e+00  ,-9.414543685812e-02  ,1.350000000000e+01  
  1.495748676559e-04  ,4.999683815670e+00  ,3.205343730710e+00  ,3.499778670969e+00  ,-9.412178145326e-02  ,1.350000000000e+01  
  1.495751981358e-04  ,4.999682157819e+00  ,3.204568921862e+00  ,3.499777510474e+00  ,-9.409962504537e-02  ,1.350000000000e+01  
  1.495756707820e-04  ,4.999679781899e+00  ,3.203460814636e+00  ,3.499775847329e+00  ,-9.406793738868e-02  ,1.350000000000e+01  
  1.495761851514e-04  ,4.999677189699e+00  ,3.202254902017e+00  ,3.499774032789e+00  ,-9.403345251966e-02  ,1.350000000000e+01  
  1.495766203585e-04  ,4.999674991117e+00  ,3.201234592773e+00  ,3.499772493782e+00  ,-9.400427573429e-02  ,1.350000000000e+01  
  1.495770133766e-04  ,4.999673001471e+00  ,3.200313200974e+00  ,3.499771101029e+00  ,-9.397792806594e-02  ,1.350000000000e+01  
  1.495773353814e-04  ,4.999671368361e+00  ,3.199558299110e+00  ,3.499769957853e+00  ,-9.395634057373e-02  ,1.350000000000e+01  
  1.495775442072e-04  ,4.999670307833e+00  ,3.199068734876e+00  ,3.499769215483e+00  ,-9.394234166183e-02  ,1.350000000000e+01  
  1.495776726366e-04  ,4.999669655041e+00  ,3.198767650496e+00  ,3.499768758529e+00  ,-9.393373314153e-02  ,1.350000000000e+01  
  1.495778261185e-04  ,4.999668874354e+00  ,3.198407835089e+00  ,3.499768212048e+00  ,-9.392344359600e-02  ,1.350000000000e+01  
  1.495779737564e-04  ,4.999668122819e+00  ,3.198061721381e+00  ,3.499767685973e+00  ,-9.391354717356e-02  ,1.350000000000e+01  
  1.495782690323e-04  ,4.999666618064e+00  ,3.197369497502e+00  ,3.499766632645e+00  ,-9.389374964299e-02  ,1.350000000000e+01  
  1.495787278483e-04  ,4.999664275433e+00  ,3.196293890733e+00  ,3.499764992803e+00  ,-9.386299092842e-02  ,1.350000000000e+01  
  1.495792241501e-04  ,4.999661735301e+00  ,3.195130418634e+00  ,3.499763214710e+00  ,-9.382971955565e-02  ,1.350000000000e+01  
  1.495796444560e-04  ,4.999659579161e+00  ,3.194145112942e+00  ,3.499761705413e+00  ,-9.380154370812e-02  ,1.350000000000e+01  
  1.495799376829e-04  ,4.999658072233e+00  ,3.193457718875e+00  ,3.499760650563e+00  ,-9.378188737099e-02  ,1.350000000000e+01  
  1.495802007350e-04  ,4.999656718491e+00  ,3.192841065841e+00  ,3.499759702944e+00  ,-9.376425374094e-02  ,1.350000000000e+01  
  1.495804443224e-04  ,4.999655463331e+00  ,3.192270045634e+00  ,3.499758824331e+00  ,-9.374792573244e-02  ,1.350000000000e+01  
  1.495807014140e-04  ,4.999654136928e+00  ,3.191667372275e+00  ,3.499757895849e+00  ,-9.373069066732e-02  ,1.350000000000e+01  
  1.495809174343e-04  ,4.999653021105e+00  ,3.191160980961e+00  ,3.499757114774e+00  ,-9.371621013141e-02  ,1.350000000000e+01  
  1.495811141529e-04  ,4.999652003937e+00  ,3.190699838493e+00  ,3.499756402756e+00  ,-9.370302350502e-02  ,1.350000000000e+01  
  1.495812957841e-04  ,4.999651063897e+00  ,3.190274065421e+00  ,3.499755744728e+00  ,-9.369084826092e-02  ,1.350000000000e+01  
  1.495815296857e-04  ,4.999649852076e+00  ,3.189725764466e+00  ,3.499754896453e+00  ,-9.367516834596e-02  ,1.350000000000e+01  
  1.495818096413e-04  ,4.999648399801e+00  ,3.189069510079e+00  ,3.499753879861e+00  ,-9.365640213619e-02  ,1.350000000000e+01  
  1.495821066401e-04  ,4.999646856908e+00  ,3.188373308717e+00  ,3.499752799836e+00  ,-9.363649254604e-02  ,1.350000000000e+01  
  1.495823588888e-04  ,4.999645544705e+00  ,3.187782010683e+00  ,3.499751881293e+00  ,-9.361958393529e-02  ,1.350000000000e+01  
  1.495825868300e-04  ,4.999644357540e+00  ,3.187247695043e+00  ,3.499751050278e+00  ,-9.360430576776e-02  ,1.350000000000e+01  
  1.495828342824e-04  ,4.999643067242e+00  ,3.186667646478e+00  ,3.499750147070e+00  ,-9.358771745592e-02  ,1.350000000000e+01  
  1.495830408264e-04  ,4.999641989046e+00  ,3.186183492937e+00  ,3.499749392332e+00  ,-9.357387286809e-02  ,1.350000000000e+01  
  1.495832290933e-04  ,4.999641005303e+00  ,3.185742184440e+00  ,3.499748703712e+00  ,-9.356125460031e-02  ,1.350000000000e+01  
  1.495834312601e-04  ,4.999639947912e+00  ,3.185268295695e+00  ,3.499747963539e+00  ,-9.354770186082e-02  ,1.350000000000e+01  
  1.495836286773e-04  ,4.999638914349e+00  ,3.184805542714e+00  ,3.499747240044e+00  ,-9.353446888490e-02  ,1.350000000000e+01  
  1.495837625782e-04  ,4.999638212748e+00  ,3.184491675253e+00  ,3.499746748924e+00  ,-9.352549469723e-02  ,1.350000000000e+01  
  1.495838678292e-04  ,4.999637660940e+00  ,3.184244964431e+00  ,3.499746362658e+00  ,-9.351844099411e-02  ,1.350000000000e+01  
  1.495839657811e-04  ,4.999637147144e+00  ,3.184015363725e+00  ,3.499746003001e+00  ,-9.351187585070e-02  ,1.350000000000e+01  
  1.495840673768e-04  ,4.999636613974e+00  ,3.183777222443e+00  ,3.499745629782e+00  ,-9.350506761270e-02  ,1.350000000000e+01  
  1.495841790307e-04  ,4.999636027711e+00  ,3.183515505082e+00  ,3.499745219398e+00  ,-9.349758120609e-02  ,1.350000000000e+01  
  1.495843342589e-04  ,4.999635212120e+00  ,3.183151650581e+00  ,3.499744648484e+00  ,-9.348717602944e-02  ,1.350000000000e+01  
  1.495846447153e-04  ,4.999633579075e+00  ,3.182423945493e+00  ,3.499743505352e+00  ,-9.346636308332e-02  ,1.350000000000e+01  
  1.495849988041e-04  ,4.999631713488e+00  ,3.181593972943e+00  ,3.499742199441e+00  ,-9.344262843821e-02  ,1.350000000000e+01  
  1.495852894233e-04  ,4.999630179891e+00  ,3.180912776192e+00  ,3.499741125923e+00  ,-9.342314905294e-02  ,1.350000000000e+01  
  1.495854423698e-04  ,4.999629371919e+00  ,3.180554279275e+00  ,3.499740560343e+00  ,-9.341289917423e-02  ,1.350000000000e+01  
  1.495854979348e-04  ,4.999629078236e+00  ,3.180424038625e+00  ,3.499740354765e+00  ,-9.340918048558e-02  ,1.350000000000e+01  
  1.495855233483e-04  ,4.999628943890e+00  ,3.180364471251e+00  ,3.499740260723e+00  ,-9.340748554713e-02  ,1.350000000000e+01  
  1.495855549958e-04  ,4.999628776565e+00  ,3.180290291774e+00  ,3.499740143596e+00  ,-9.340536688806e-02  ,1.350000000000e+01  
  1.495856182908e-04  ,4.999628441836e+00  ,3.180141932983e+00  ,3.499739909285e+00  ,-9.340111461724e-02  ,1.350000000000e+01  
  1.495857147059e-04  ,4.999627931755e+00  ,3.179915943423e+00  ,3.499739552228e+00  ,-9.339465013436e-02  ,1.350000000000e+01  
  1.495859075363e-04  ,4.999626910877e+00  ,3.179463965814e+00  ,3.499738837614e+00  ,-9.338172019607e-02  ,1.350000000000e+01  
  1.495861141735e-04  ,4.999625815842e+00  ,3.178979628364e+00  ,3.499738071089e+00  ,-9.336786931716e-02  ,1.350000000000e+01  
  1.495864231397e-04  ,4.999624176482e+00  ,3.178255445868e+00  ,3.499736923537e+00  ,-9.334715928928e-02  ,1.350000000000e+01  
  1.495866787412e-04  ,4.999622818415e+00  ,3.177656348388e+00  ,3.499735972891e+00  ,-9.333002756192e-02  ,1.350000000000e+01  
  1.495869051923e-04  ,4.999621613826e+00  ,3.177125578702e+00  ,3.499735129678e+00  ,-9.331484991140e-02  ,1.350000000000e+01  
  1.495871110612e-04  ,4.999620517576e+00  ,3.176643053294e+00  ,3.499734362303e+00  ,-9.330105306185e-02  ,1.350000000000e+01  
  1.495874894110e-04  ,4.999618500021e+00  ,3.175756264682e+00  ,3.499732950015e+00  ,-9.327569192602e-02  ,1.350000000000e+01  
  1.495878761427e-04  ,4.999616433962e+00  ,3.174849838309e+00  ,3.499731503774e+00  ,-9.324977067820e-02  ,1.350000000000e+01  
  1.495881974024e-04  ,4.999614711542e+00  ,3.174090622798e+00  ,3.499730298079e+00  ,-1.554428446693e-01  ,1.350000000000e+01  
  1.495883644351e-04  ,4.999613809772e+00  ,3.173685181307e+00  ,3.499729666840e+00  ,-3.252310493306e-01  ,1.350000000000e+01  
  1.495884035797e-04  ,4.999613597746e+00  ,3.173589426011e+00  ,3.499729518422e+00  ,-3.264179582651e-01  ,1.350000000000e+01  
  1.495884263273e-04  ,4.999613474415e+00  ,3.173533720850e+00  ,3.499729432090e+00  ,-3.265111373730e-01  ,1.350000000000e+01  
  1.495884620144e-04  ,4.999613280782e+00  ,3.173446306681e+00  ,3.499729296548e+00  ,-3.265607702679e-01  ,1.350000000000e+01  
  1.495884993895e-04  ,4.999613077849e+00  ,3.173354748416e+00  ,3.499729154494e+00  ,-3.265642399292e-01  ,1.350000000000e+01  
  1.495885741398e-04  ,4.999612671707e+00  ,3.173171626540e+00  ,3.499728870195e+00  ,-3.265489060115e-01  ,1.350000000000e+01  
  1.495887236404e-04  ,4.999611858711e+00  ,3.172805377177e+00  ,3.499728301098e+00  ,-3.265123679002e-01  ,1.350000000000e+01  
  1.495889181005e-04  ,4.999610800273e+00  ,3.172328989471e+00  ,3.499727560191e+00  ,-3.264647209820e-01  ,1.350000000000e+01  
  1.495891534457e-04  ,4.999609517918e+00  ,3.171752448590e+00  ,3.499726662543e+00  ,-3.264070208911e-01  ,1.350000000000e+01  
  1.495895038559e-04  ,4.999607605840e+00  ,3.170894039510e+00  ,3.499725324088e+00  ,-3.263211098954e-01  ,1.350000000000e+01  
  1.495898885852e-04  ,4.999605502675e+00  ,3.169951576933e+00  ,3.499723851873e+00  ,-3.262267880610e-01  ,1.350000000000e+01  
  1.495905460058e-04  ,4.999601899563e+00  ,3.168341155585e+00  ,3.499721329694e+00  ,-3.260656136738e-01  ,1.350000000000e+01  
  1.495910983732e-04  ,4.999598863196e+00  ,3.166988118641e+00  ,3.499719204237e+00  ,-3.259302004451e-01  ,1.350000000000e+01  
  1.495913514602e-04  ,4.999597469224e+00  ,3.166368190204e+00  ,3.499718228457e+00  ,-3.258681608233e-01  ,1.350000000000e+01  
  1.495914658382e-04  ,4.999596838677e+00  ,3.166088027616e+00  ,3.499717787074e+00  ,-3.258401302107e-01  ,1.350000000000e+01  
  1.495915760137e-04  ,4.999596230964e+00  ,3.165818160726e+00  ,3.499717361675e+00  ,-3.258131302309e-01  ,1.350000000000e+01  
  1.495916759795e-04  ,4.999595679282e+00  ,3.165573303008e+00  ,3.499716975498e+00  ,-3.257886211932e-01  ,1.350000000000e+01  
  1.495918759112e-04  ,4.999594575110e+00  ,3.165083591657e+00  ,3.499716202577e+00  ,-3.257396023319e-01  ,1.350000000000e+01  
  1.495922757745e-04  ,4.999592363531e+00  ,3.164104185288e+00  ,3.499714654472e+00  ,-3.256415760168e-01  ,1.350000000000e+01  
  1.495930755012e-04  ,4.999587927431e+00  ,3.162145437886e+00  ,3.499711549201e+00  ,-3.254455381592e-01  ,1.350000000000e+01  
  1.495936822579e-04  ,4.999584550228e+00  ,3.160659384523e+00  ,3.499709185159e+00  ,-3.252968125451e-01  ,1.350000000000e+01  
  1.495939684533e-04  ,4.999582953819e+00  ,3.159958459183e+00  ,3.499708067674e+00  ,-3.252266559322e-01  ,1.350000000000e+01  
  1.495940432385e-04  ,4.999582536301e+00  ,3.159775303506e+00  ,3.499707775411e+00  ,-3.252083110175e-01  ,1.350000000000e+01  
  1.495940822551e-04  ,4.999582318415e+00  ,3.159679748663e+00  ,3.499707622891e+00  ,-3.251987277206e-01  ,1.350000000000e+01  
  1.495941390891e-04  ,4.999582000956e+00  ,3.159540558003e+00  ,3.499707400669e+00  ,-3.251847979428e-01  ,1.350000000000e+01  
  1.495942527570e-04  ,4.999581365776e+00  ,3.159262178003e+00  ,3.499706956043e+00  ,-3.251569428481e-01  ,1.350000000000e+01  
  1.495944800928e-04  ,4.999580094371e+00  ,3.158705423282e+00  ,3.499706066060e+00  ,-3.251012334982e-01  ,1.350000000000e+01  
  1.495947431449e-04  ,4.999578621479e+00  ,3.158061206867e+00  ,3.499705035035e+00  ,-3.250367910579e-01  ,1.350000000000e+01  
  1.495952134628e-04  ,4.999575983404e+00  ,3.156909418391e+00  ,3.499703188383e+00  ,-3.249215157056e-01  ,1.350000000000e+01  
  1.495957052942e-04  ,4.999573218278e+00  ,3.155704976378e+00  ,3.499701252795e+00  ,-3.248009486567e-01  ,1.350000000000e+01  
  1.495964173835e-04  ,4.999569203283e+00  ,3.153961205265e+00  ,3.499698442298e+00  ,-3.246264333593e-01  ,1.350000000000e+01  
  1.495969856765e-04  ,4.999565989250e+00  ,3.152569613270e+00  ,3.499696192475e+00  ,-3.244871677903e-01  ,1.350000000000e+01  
  1.495974500339e-04  ,4.999563356572e+00  ,3.151432563387e+00  ,3.499694349600e+00  ,-3.243733740130e-01  ,1.350000000000e+01  
  1.495978979535e-04  ,4.999560811582e+00  ,3.150335791902e+00  ,3.499692568107e+00  ,-3.242635962629e-01  ,1.350000000000e+01  
  1.495982606571e-04  ,4.999559566337e+00  ,3.150999153514e+00  ,3.499691696436e+00  ,1.329687923323e+01  ,1.350000000000e+01  
  1.495984251054e-04  ,4.999559215116e+00  ,3.151540792218e+00  ,3.499691450581e+00  ,1.331392200728e+01  ,1.350000000000e+01  
  1.495984720790e-04  ,4.999559133822e+00  ,3.151713017008e+00  ,3.499691393675e+00  ,1.331090937613e+01  ,1.350000000000e+01  
  1.495985435347e-04  ,4.999559017294e+00  ,3.151978693614e+00  ,3.499691312106e+00  ,1.331087671075e+01  ,1.350000000000e+01  
  1.495986864462e-04  ,4.999558793170e+00  ,3.152512717069e+00  ,3.499691155219e+00  ,1.331084922684e+01  ,1.350000000000e+01  
  1.495987967613e-04  ,4.999558623570e+00  ,3.152925892551e+00  ,3.499691036499e+00  ,1.331082446304e+01  ,1.350000000000e+01  
  1.495988964943e-04  ,4.999558471120e+00  ,3.153299687921e+00  ,3.499690929784e+00  ,1.331080203371e+01  ,1.350000000000e+01  
  1.495990719089e-04  ,4.999558203919e+00  ,3.153957262130e+00  ,3.499690742744e+00  ,1.331076257924e+01  ,1.350000000000e+01  
  1.495993569402e-04  ,4.999557772675e+00  ,3.155025829331e+00  ,3.499690440872e+00  ,1.331069846521e+01  ,1.350000000000e+01  
  1.495997181071e-04  ,4.999557231968e+00  ,3.156379851125e+00  ,3.499690062378e+00  ,1.331061722390e+01  ,1.350000000000e+01  
  1.496001424177e-04  ,4.999556605041e+00  ,3.157970595083e+00  ,3.499689623529e+00  ,1.331052177927e+01  ,1.350000000000e+01  
  1.496006715020e-04  ,4.999555835855e+00  ,3.159954110421e+00  ,3.499689085099e+00  ,1.331040276834e+01  ,1.350000000000e+01  
  1.496013477353e-04  ,4.999554872956e+00  ,3.162489229376e+00  ,3.499688411069e+00  ,1.331025066121e+01  ,1.350000000000e+01  
  1.496018594971e-04  ,4.999554159305e+00  ,3.164407723629e+00  ,3.499687911514e+00  ,1.331013555155e+01  ,1.350000000000e+01  
  1.496023039708e-04  ,4.999553549998e+00  ,3.166073939614e+00  ,3.499687484999e+00  ,1.331003557859e+01  ,1.350000000000e+01  
  1.496027189681e-04  ,4.999552989909e+00  ,3.167629632292e+00  ,3.499687092936e+00  ,1.330994223703e+01  ,1.350000000000e+01  
  1.496030404607e-04  ,4.999552561859e+00  ,3.168834789300e+00  ,3.499686793301e+00  ,1.330986992761e+01  ,1.350000000000e+01  
  1.496031938495e-04  ,4.999552359426e+00  ,3.169409782505e+00  ,3.499686651598e+00  ,1.330983542802e+01  ,1.350000000000e+01  
  1.496032578197e-04  ,4.999552275346e+00  ,3.169649580261e+00  ,3.499686592742e+00  ,1.330982104015e+01  ,1.350000000000e+01  
  1.496033649568e-04  ,4.999552134979e+00  ,3.170051191164e+00  ,3.499686494485e+00  ,1.330979694350e+01  ,1.350000000000e+01  
  1.496034808831e-04  ,4.999551983733e+00  ,3.170485747854e+00  ,3.499686388613e+00  ,1.330977087010e+01  ,1.350000000000e+01  
  1.496037026078e-04  ,4.999551696300e+00  ,3.171316890266e+00  ,3.499686187410e+00  ,1.330972100155e+01  ,1.350000000000e+01  
  1.496041460570e-04  ,4.999551128689e+00  ,3.172979155072e+00  ,3.499685790083e+00  ,1.330962126566e+01  ,1.350000000000e+01  
  1.496048034776e-04  ,4.999550304983e+00  ,3.175443440149e+00  ,3.499685213488e+00  ,1.330947340856e+01  ,1.350000000000e+01  
  1.496053065781e-04  ,4.999549688961e+00  ,3.177329229675e+00  ,3.499684782273e+00  ,1.330936026119e+01  ,1.350000000000e+01  
  1.496057761509e-04  ,4.999549125194e+00  ,3.179089315443e+00  ,3.499684387636e+00  ,1.330925465604e+01  ,1.350000000000e+01  
  1.496063071910e-04  ,4.999548500637e+00  ,3.181079761137e+00  ,3.499683950446e+00  ,1.330913522930e+01  ,1.350000000000e+01  
  1.496069224227e-04  ,4.999547794309e+00  ,3.183385725936e+00  ,3.499683456016e+00  ,1.330899687141e+01  ,1.350000000000e+01  
  1.496074987251e-04  ,4.999547149439e+00  ,3.185545732325e+00  ,3.499683004607e+00  ,1.330886727102e+01  ,1.350000000000e+01  
  1.496082398716e-04  ,4.999546343923e+00  ,3.188323515231e+00  ,3.499682440746e+00  ,1.330870060405e+01  ,1.350000000000e+01  
  1.496088140320e-04  ,4.999545738278e+00  ,3.190475390519e+00  ,3.499682016794e+00  ,1.330857149153e+01  ,1.350000000000e+01  
  1.496094979953e-04  ,4.999545037730e+00  ,3.193038733888e+00  ,3.499681526411e+00  ,1.330841769093e+01  ,1.350000000000e+01  
  1.496100890126e-04  ,4.999544450669e+00  ,3.195253685032e+00  ,3.499681115468e+00  ,1.330828479386e+01  ,1.350000000000e+01  
  1.496107293900e-04  ,4.999543833695e+00  ,3.197653569085e+00  ,3.499680683586e+00  ,1.330814080082e+01  ,1.350000000000e+01  
  1.496117873725e-04  ,4.999542857832e+00  ,3.201618351462e+00  ,3.499680000482e+00  ,1.330790291387e+01  ,1.350000000000e+01  
  1.496128060531e-04  ,4.999541969311e+00  ,3.205435706848e+00  ,3.499679378518e+00  ,1.330767387255e+01  ,1.350000000000e+01  
  1.496148434144e-04  ,4.999540342022e+00  ,3.213069994570e+00  ,3.499678239415e+00  ,1.330721581528e+01  ,1.350000000000e+01  
  1.496167377245e-04  ,4.999539007550e+00  ,3.220167742785e+00  ,3.499677305285e+00  ,1.330678995039e+01  ,1.350000000000e+01  
  1.496178940546e-04  ,4.999538277299e+00  ,3.224500130447e+00  ,3.499676794109e+00  ,1.330653000713e+01  ,1.350000000000e+01  
  1.496193774652e-04  ,4.999537433775e+00  ,3.230057714646e+00  ,3.499676203643e+00  ,1.330619655208e+01  ,1.350000000000e+01  
  1.496201390076e-04  ,4.999537041386e+00  ,3.232910710286e+00  ,3.499675928970e+00  ,1.330602537234e+01  ,1.350000000000e+01  
  1.496205524217e-04  ,4.999536839904e+00  ,3.234459466255e+00  ,3.499675787933e+00  ,1.330593244698e+01  ,1.350000000000e+01  
  1.496208974767e-04  ,4.999536677941e+00  ,3.235752113668e+00  ,3.499675674559e+00  ,1.330585488813e+01  ,1.350000000000e+01  
  1.496213376664e-04  ,4.999536479510e+00  ,3.237401131456e+00  ,3.499675535657e+00  ,1.330575594707e+01  ,1.350000000000e+01  
  1.496217823729e-04  ,4.999536288355e+00  ,3.239067043534e+00  ,3.499675401848e+00  ,1.330565599234e+01  ,1.350000000000e+01  
  1.496222100828e-04  ,4.999536113324e+00  ,3.240669259248e+00  ,3.499675279327e+00  ,1.330555985940e+01  ,1.350000000000e+01  
  1.496227073159e-04  ,4.999535920706e+00  ,3.242531880049e+00  ,3.499675144494e+00  ,1.330544810215e+01  ,1.350000000000e+01  
  1.496233359586e-04  ,4.999535693876e+00  ,3.244886709298e+00  ,3.499674985713e+00  ,1.330530681239e+01  ,1.350000000000e+01  
  1.496240862321e-04  ,4.999535447539e+00  ,3.247697084020e+00  ,3.499674813278e+00  ,1.330513818991e+01  ,1.350000000000e+01  
  1.496246568535e-04  ,4.999535277923e+00  ,3.249834466445e+00  ,3.499674694546e+00  ,1.330500994696e+01  ,1.350000000000e+01  
  1.496253545072e-04  ,4.999535091340e+00  ,3.252447615275e+00  ,3.499674563938e+00  ,1.330485315803e+01  ,1.350000000000e+01  
  1.496259811942e-04  ,4.999534943219e+00  ,3.254794892734e+00  ,3.499674460254e+00  ,1.330471232138e+01  ,1.350000000000e+01  
  1.496266198020e-04  ,4.999534811226e+00  ,3.257186765454e+00  ,3.499674367858e+00  ,1.330456880902e+01  ,1.350000000000e+01  
  1.496272296321e-04  ,4.999534703015e+00  ,3.259470800352e+00  ,3.499674292110e+00  ,1.330443176693e+01  ,1.350000000000e+01  
  1.496279981595e-04  ,4.999534591413e+00  ,3.262349142424e+00  ,3.499674213989e+00  ,1.330425906640e+01  ,1.350000000000e+01  
  1.496288102727e-04  ,4.999534503468e+00  ,3.265390638046e+00  ,3.499674152428e+00  ,1.330407657666e+01  ,1.350000000000e+01  
  1.496304344993e-04  ,4.999534419803e+00  ,3.271473359902e+00  ,3.499674093862e+00  ,1.330371161335e+01  ,1.350000000000e+01  
  1.496326923978e-04  ,4.999534507219e+00  ,3.279928583529e+00  ,3.499674155053e+00  ,1.330320429993e+01  ,1.350000000000e+01  
  1.496358182888e-04  ,4.999535017753e+00  ,3.291633060415e+00  ,3.499674512427e+00  ,1.330250203132e+01  ,1.350000000000e+01  
  1.496397387844e-04  ,4.999536293562e+00  ,3.306310943910e+00  ,3.499675405493e+00  ,1.330162135830e+01  ,1.350000000000e+01  
  1.496457029741e-04  ,4.999539581084e+00  ,3.328636164223e+00  ,3.499677706759e+00  ,1.330028184508e+01  ,1.350000000000e+01  
  1.496576313537e-04  ,4.999550982473e+00  ,3.373272043357e+00  ,3.499685687731e+00  ,1.329760369232e+01  ,1.350000000000e+01  
  1.496690396827e-04  ,4.999567819932e+00  ,3.415943711629e+00  ,3.499697473952e+00  ,1.329504339222e+01  ,1.350000000000e+01  
  1.496815879505e-04  ,4.999592974835e+00  ,3.462858647969e+00  ,3.499715082385e+00  ,1.329222849602e+01  ,1.350000000000e+01  
  1.496896196764e-04  ,4.999612672277e+00  ,3.492876008532e+00  ,3.499728870594e+00  ,1.329042745438e+01  ,1.350000000000e+01  
  1.496996317666e-04  ,4.999641131518e+00  ,3.530282300628e+00  ,3.499748792063e+00  ,1.328818307685e+01  ,1.350000000000e+01  
  1.497084279221e-04  ,4.999669676213e+00  ,3.563134371796e+00  ,3.499768773349e+00  ,1.328621195257e+01  ,1.350000000000e+01  
  1.497192342442e-04  ,4.999709256718e+00  ,3.603479510069e+00  ,3.499796479702e+00  ,1.328379124427e+01  ,1.350000000000e+01  
  1.497299198668e-04  ,4.999753248406e+00  ,3.643358227970e+00  ,3.499827273884e+00  ,1.328139852118e+01  ,1.350000000000e+01  
  1.497403089564e-04  ,4.999800629474e+00  ,3.682115218437e+00  ,3.499860440632e+00  ,1.327907310175e+01  ,1.350000000000e+01  
  1.497517709296e-04  ,4.999858140851e+00  ,3.724857391218e+00  ,3.499900698596e+00  ,1.327650857137e+01  ,1.350000000000e+01  
  1.497608591478e-04  ,4.999907634352e+00  ,3.758734851129e+00  ,3.499935344047e+00  ,1.327447592377e+01  ,1.350000000000e+01  
  1.497650143366e-04  ,4.999931407602e+00  ,3.774220034594e+00  ,3.499951985322e+00  ,1.327354681276e+01  ,1.350000000000e+01  
  1.497662010279e-04  ,4.999938328758e+00  ,3.778642050953e+00  ,3.499956830131e+00  ,1.327328149177e+01  ,1.350000000000e+01  
  1.497667265732e-04  ,4.999941412577e+00  ,3.780600350002e+00  ,3.499958988804e+00  ,1.327316399383e+01  ,1.350000000000e+01  
  1.497670543522e-04  ,4.999943341733e+00  ,3.781821708230e+00  ,3.499960339213e+00  ,1.327309071234e+01  ,1.350000000000e+01  
  1.497673739821e-04  ,4.999945227216e+00  ,3.783012687381e+00  ,3.499961659051e+00  ,1.327301925359e+01  ,1.350000000000e+01  
  1.497678126816e-04  ,4.999947821980e+00  ,3.784647311045e+00  ,3.499963475386e+00  ,1.327292117617e+01  ,1.350000000000e+01  
  1.497682763405e-04  ,4.999950573038e+00  ,3.786374906362e+00  ,3.499965401126e+00  ,1.327281752045e+01  ,1.350000000000e+01  
  1.497687175546e-04  ,4.999953199192e+00  ,3.788018844391e+00  ,3.499967239435e+00  ,1.327271888417e+01  ,1.350000000000e+01  
  1.497694550689e-04  ,4.999957606963e+00  ,3.790766719994e+00  ,3.499970324874e+00  ,1.327255401163e+01  ,1.350000000000e+01  
  1.497702313263e-04  ,4.999962270614e+00  ,3.793658865480e+00  ,3.499973589430e+00  ,1.327238048290e+01  ,1.350000000000e+01  
  1.497708270002e-04  ,4.999965866262e+00  ,3.795878144639e+00  ,3.499976106383e+00  ,1.327224732615e+01  ,1.350000000000e+01  
  1.497714791123e-04  ,4.999969819428e+00  ,3.798307636975e+00  ,3.499978873599e+00  ,1.327210155661e+01  ,1.350000000000e+01  
  1.497725089688e-04  ,4.999976098362e+00  ,3.802144324767e+00  ,3.499983268854e+00  ,1.327187135534e+01  ,1.350000000000e+01  
  1.497736865331e-04  ,4.999983331630e+00  ,3.806531112024e+00  ,3.499988332141e+00  ,1.327160814810e+01  ,1.350000000000e+01  
  1.497745901022e-04  ,4.999988920755e+00  ,3.809897053676e+00  ,3.499992244529e+00  ,1.327140619160e+01  ,1.350000000000e+01  
  1.497754021224e-04  ,4.999993972399e+00  ,3.812921864107e+00  ,3.499995780679e+00  ,1.327122470298e+01  ,1.350000000000e+01  
  1.497761418719e-04  ,4.999998598170e+00  ,3.815677383915e+00  ,3.499999018719e+00  ,1.327105937179e+01  ,1.350000000000e+01  
  1.497770004582e-04  ,5.000003995410e+00  ,3.818875468187e+00  ,3.500002796787e+00  ,1.327086748673e+01  ,1.350000000000e+01  
  1.497777199980e-04  ,5.000008542039e+00  ,3.821555550097e+00  ,3.500005979427e+00  ,1.327070668182e+01  ,1.350000000000e+01  
  1.497783019815e-04  ,5.000012235125e+00  ,3.823723221224e+00  ,3.500008564587e+00  ,1.327057662155e+01  ,1.350000000000e+01  
  1.497785686657e-04  ,5.000013932095e+00  ,3.824716504701e+00  ,3.500009752466e+00  ,1.327051702454e+01  ,1.350000000000e+01  
  1.497786667572e-04  ,5.000014557011e+00  ,3.825081850864e+00  ,3.500010189908e+00  ,1.327049510377e+01  ,1.350000000000e+01  
  1.497787744065e-04  ,5.000015243276e+00  ,3.825482793548e+00  ,3.500010670293e+00  ,1.327047104721e+01  ,1.350000000000e+01  
  1.497789897050e-04  ,5.000016617241e+00  ,3.826284674107e+00  ,3.500011632069e+00  ,1.327042293438e+01  ,1.350000000000e+01  
  1.497794203020e-04  ,5.000019370913e+00  ,3.827888415987e+00  ,3.500013559639e+00  ,1.327032670986e+01  ,1.350000000000e+01  
  1.497799538567e-04  ,5.000022793622e+00  ,3.829875584303e+00  ,3.500015955536e+00  ,1.327020747976e+01  ,1.350000000000e+01  
  1.497803969334e-04  ,5.000025644857e+00  ,3.831525746944e+00  ,3.500017951400e+00  ,1.327010847000e+01  ,1.350000000000e+01  
  1.497806961208e-04  ,5.000027574737e+00  ,3.832640003254e+00  ,3.500019302316e+00  ,1.327004161463e+01  ,1.350000000000e+01  
  1.497810290220e-04  ,5.000029726428e+00  ,3.833879804784e+00  ,3.500020808500e+00  ,1.326996722653e+01  ,1.350000000000e+01  
  1.497814890488e-04  ,5.000032707318e+00  ,3.835593026060e+00  ,3.500022895123e+00  ,1.326986443325e+01  ,1.350000000000e+01  
  1.497819636508e-04  ,5.000035791807e+00  ,3.837360497267e+00  ,3.500025054265e+00  ,1.326975838498e+01  ,1.350000000000e+01  
  1.497823685433e-04  ,5.000038430595e+00  ,3.838868337832e+00  ,3.500026901416e+00  ,1.326966791455e+01  ,1.350000000000e+01  
  1.497827346462e-04  ,5.000040822405e+00  ,3.840231704445e+00  ,3.500028575683e+00  ,1.326958611255e+01  ,1.350000000000e+01  
  1.497830349046e-04  ,5.000042788169e+00  ,3.841349852382e+00  ,3.500029951719e+00  ,1.326951902367e+01  ,1.350000000000e+01  
  1.497831925076e-04  ,5.000043821471e+00  ,3.841936753668e+00  ,3.500030675030e+00  ,1.326948380960e+01  ,1.350000000000e+01  
  1.497832288409e-04  ,5.000044059830e+00  ,3.842072055213e+00  ,3.500030841881e+00  ,1.326947569150e+01  ,1.350000000000e+01  
  1.497832507764e-04  ,5.000044203762e+00  ,3.842153741102e+00  ,3.500030942633e+00  ,1.326947079035e+01  ,1.350000000000e+01  
  1.497832846766e-04  ,5.000044426240e+00  ,3.842279981814e+00  ,3.500031098368e+00  ,1.326946321591e+01  ,1.350000000000e+01  
  1.497833524768e-04  ,5.000044871337e+00  ,3.842532462762e+00  ,3.500031409936e+00  ,1.326944806705e+01  ,1.350000000000e+01  
  1.497834494392e-04  ,5.000045508204e+00  ,3.842893538891e+00  ,3.500031855743e+00  ,1.326942640248e+01  ,1.350000000000e+01  
  1.497835545040e-04  ,5.000046198729e+00  ,3.843284786319e+00  ,3.500032339110e+00  ,1.326940292764e+01  ,1.350000000000e+01  
  1.497836434569e-04  ,5.000046783717e+00  ,3.843616034055e+00  ,3.500032748602e+00  ,1.326938305277e+01  ,1.350000000000e+01  
  1.497836924969e-04  ,5.000047106361e+00  ,3.843798651187e+00  ,3.500032974453e+00  ,1.326937209574e+01  ,1.350000000000e+01  
  1.497837391503e-04  ,5.000047413396e+00  ,3.843972381005e+00  ,3.500033189377e+00  ,1.326936167196e+01  ,1.350000000000e+01  
  1.497837493818e-04  ,5.000047480743e+00  ,3.844010481225e+00  ,3.500033236520e+00  ,1.326935938595e+01  ,1.350000000000e+01  
  1.497837670216e-04  ,5.000047596865e+00  ,3.844076168983e+00  ,3.500033317805e+00  ,1.326935544469e+01  ,1.350000000000e+01  
  1.497837856393e-04  ,5.000047719439e+00  ,3.844145498188e+00  ,3.500033403607e+00  ,1.326935128494e+01  ,1.350000000000e+01  
  1.497838228748e-04  ,5.000047964629e+00  ,3.844284156453e+00  ,3.500033575240e+00  ,1.326934296543e+01  ,1.350000000000e+01  
  1.497838787483e-04  ,5.000048332654e+00  ,3.844492219354e+00  ,3.500033832858e+00  ,1.326933048165e+01  ,1.350000000000e+01  
  1.497839467931e-04  ,5.000048781023e+00  ,3.844745605094e+00  ,3.500034146716e+00  ,1.326931527851e+01  ,1.350000000000e+01  
  1.497840403677e-04  ,5.000049397929e+00  ,3.845094058209e+00  ,3.500034578550e+00  ,1.326929437132e+01  ,1.350000000000e+01  
  1.497841082262e-04  ,5.000049763282e+00  ,3.845051276478e+00  ,3.500034834298e+00  ,-3.367382872847e-01  ,1.350000000000e+01  
  1.497841399319e-04  ,5.000049902917e+00  ,3.844986515761e+00  ,3.500034932042e+00  ,-4.059636066137e-01  ,1.350000000000e+01  
  1.497841545304e-04  ,5.000049960338e+00  ,3.844951766209e+00  ,3.500034972237e+00  ,-3.941261879140e-01  ,1.350000000000e+01  
  1.497841684551e-04  ,5.000050011406e+00  ,3.844917625741e+00  ,3.500035007984e+00  ,-3.937038257260e-01  ,1.350000000000e+01  
  1.497841808956e-04  ,5.000050054376e+00  ,3.844886829455e+00  ,3.500035038063e+00  ,-3.937666135676e-01  ,1.350000000000e+01  
  1.497841967862e-04  ,5.000050106152e+00  ,3.844847314246e+00  ,3.500035074307e+00  ,-3.937705777712e-01  ,1.350000000000e+01  
  1.497842158172e-04  ,5.000050164801e+00  ,3.844799990125e+00  ,3.500035115361e+00  ,-3.937615837869e-01  ,1.350000000000e+01  
  1.497842403634e-04  ,5.000050236077e+00  ,3.844738951564e+00  ,3.500035165254e+00  ,-3.937553266145e-01  ,1.350000000000e+01  
  1.497842758235e-04  ,5.000050333720e+00  ,3.844650773638e+00  ,3.500035233604e+00  ,-3.937466313424e-01  ,1.350000000000e+01  
  1.497843161847e-04  ,5.000050439797e+00  ,3.844550408488e+00  ,3.500035307858e+00  ,-3.937366264771e-01  ,1.350000000000e+01  
  1.497843804110e-04  ,5.000050602789e+00  ,3.844390698953e+00  ,3.500035421952e+00  ,-3.937205899206e-01  ,1.350000000000e+01  
  1.497844495734e-04  ,5.000050773782e+00  ,3.844218715824e+00  ,3.500035541648e+00  ,-3.937033417972e-01  ,1.350000000000e+01  
  1.497844975365e-04  ,5.000050891800e+00  ,3.844099448319e+00  ,3.500035624260e+00  ,-3.936914384582e-01  ,1.350000000000e+01  
  1.497845556918e-04  ,5.000051034546e+00  ,3.843954836884e+00  ,3.500035724182e+00  ,-3.936769769550e-01  ,1.350000000000e+01  
  1.497846106631e-04  ,5.000051169255e+00  ,3.843818143239e+00  ,3.500035818479e+00  ,-3.936633072994e-01  ,1.350000000000e+01  
  1.497846612688e-04  ,5.000051293135e+00  ,3.843692305548e+00  ,3.500035905195e+00  ,-3.936507249280e-01  ,1.350000000000e+01  
  1.497847029164e-04  ,5.000051395010e+00  ,3.843588743731e+00  ,3.500035976507e+00  ,-3.936403740618e-01  ,1.350000000000e+01  
  1.497847349714e-04  ,5.000051473376e+00  ,3.843509035305e+00  ,3.500036031363e+00  ,-3.936324134724e-01  ,1.350000000000e+01  
  1.497847674629e-04  ,5.000051552775e+00  ,3.843428241468e+00  ,3.500036086942e+00  ,-3.936243378144e-01  ,1.350000000000e+01  
  1.497848018578e-04  ,5.000051636784e+00  ,3.843342714790e+00  ,3.500036145749e+00  ,-3.936157995506e-01  ,1.350000000000e+01  
  1.497848502167e-04  ,5.000051754829e+00  ,3.843222465332e+00  ,3.500036228380e+00  ,-3.936037473615e-01  ,1.350000000000e+01  
  1.497849105431e-04  ,5.000051901969e+00  ,3.843072457904e+00  ,3.500036331378e+00  ,-3.935886471935e-01  ,1.350000000000e+01  
  1.497849772142e-04  ,5.000052064435e+00  ,3.842906674503e+00  ,3.500036445105e+00  ,-3.935720442149e-01  ,1.350000000000e+01  
  1.497850398573e-04  ,5.000052216941e+00  ,3.842750907547e+00  ,3.500036551859e+00  ,-3.935564979510e-01  ,1.350000000000e+01  
  1.497850749798e-04  ,5.000052302386e+00  ,3.842663572913e+00  ,3.500036611670e+00  ,-3.935477810834e-01  ,1.350000000000e+01  
  1.497850971947e-04  ,5.000052356408e+00  ,3.842608333915e+00  ,3.500036649486e+00  ,-3.935422809738e-01  ,1.350000000000e+01  
  1.497851031275e-04  ,5.000052370834e+00  ,3.842593581575e+00  ,3.500036659584e+00  ,-3.935408573533e-01  ,1.350000000000e+01  
  1.497851120595e-04  ,5.000052392548e+00  ,3.842571371659e+00  ,3.500036674783e+00  ,-3.935386418734e-01  ,1.350000000000e+01  
  1.497851299234e-04  ,5.000052435967e+00  ,3.842526951859e+00  ,3.500036705177e+00  ,-3.935341799883e-01  ,1.350000000000e+01  
  1.497851656513e-04  ,5.000052522771e+00  ,3.842438112388e+00  ,3.500036765940e+00  ,-3.935252827464e-01  ,1.350000000000e+01  
  1.497851907417e-04  ,5.000052583703e+00  ,3.842375723677e+00  ,3.500036808592e+00  ,-3.935189782934e-01  ,1.350000000000e+01  
  1.497852149183e-04  ,5.000052642395e+00  ,3.842315607412e+00  ,3.500036849676e+00  ,-3.935129218553e-01  ,1.350000000000e+01  
  1.497852632714e-04  ,5.000052759714e+00  ,3.842195375117e+00  ,3.500036931800e+00  ,-3.935008714524e-01  ,1.350000000000e+01  
  1.497852975731e-04  ,5.000052842889e+00  ,3.842110082313e+00  ,3.500036990022e+00  ,-3.934923657580e-01  ,1.350000000000e+01  
  1.497853303964e-04  ,5.000052922441e+00  ,3.842028465946e+00  ,3.500037045708e+00  ,-3.934842107722e-01  ,1.350000000000e+01  
  1.497853715725e-04  ,5.000053022182e+00  ,3.841926080235e+00  ,3.500037115528e+00  ,-3.934739721089e-01  ,1.350000000000e+01  
  1.497854170735e-04  ,5.000053132329e+00  ,3.841812940960e+00  ,3.500037192631e+00  ,-3.934626594225e-01  ,1.350000000000e+01  
  1.497855080753e-04  ,5.000053352403e+00  ,3.841586663247e+00  ,3.500037346682e+00  ,-3.934400186018e-01  ,1.350000000000e+01  
  1.497855983787e-04  ,5.000053570496e+00  ,3.841362123447e+00  ,3.500037499347e+00  ,-3.934175587974e-01  ,1.350000000000e+01  
  1.497857421516e-04  ,5.000053917125e+00  ,3.841004633575e+00  ,3.500037741987e+00  ,-3.933817320952e-01  ,1.350000000000e+01  
  1.497859551917e-04  ,5.000054429402e+00  ,3.840474916859e+00  ,3.500038100581e+00  ,-3.933287249075e-01  ,1.350000000000e+01  
  1.497861116073e-04  ,5.000054804492e+00  ,3.840085998681e+00  ,3.500038363144e+00  ,-3.932898314341e-01  ,1.350000000000e+01  
  1.497862617365e-04  ,5.000055163688e+00  ,3.839712714429e+00  ,3.500038614582e+00  ,-3.932524913597e-01  ,1.350000000000e+01  
  1.497864850676e-04  ,5.000055696545e+00  ,3.839157424984e+00  ,3.500038987582e+00  ,-3.931968971315e-01  ,1.350000000000e+01  
  1.497869317299e-04  ,5.000056756950e+00  ,3.838046866237e+00  ,3.500039729865e+00  ,-3.930857736360e-01  ,1.350000000000e+01  
  1.497875259137e-04  ,5.000058156624e+00  ,3.836569559073e+00  ,3.500040709637e+00  ,-3.929379504472e-01  ,1.350000000000e+01  
  1.497880939274e-04  ,5.000059482979e+00  ,3.835157362692e+00  ,3.500041638085e+00  ,-3.927966400376e-01  ,1.350000000000e+01  
  1.497885748624e-04  ,5.000060597092e+00  ,3.833961695370e+00  ,3.500042417964e+00  ,-3.926769853892e-01  ,1.350000000000e+01  
  1.497889656919e-04  ,5.000061496466e+00  ,3.832990064953e+00  ,3.500043047526e+00  ,-3.925797515399e-01  ,1.350000000000e+01  
  1.497892992451e-04  ,5.000062259782e+00  ,3.832160843916e+00  ,3.500043581847e+00  ,-3.924967811490e-01  ,1.350000000000e+01  
  1.497896109122e-04  ,5.000062969591e+00  ,3.831386291082e+00  ,3.500044078714e+00  ,-3.889553904378e-01  ,1.350000000000e+01  
  1.497898721016e-04  ,5.000063572921e+00  ,3.830759906509e+00  ,3.500044501045e+00  ,-1.121025481252e-01  ,1.350000000000e+01  
  1.497900058861e-04  ,5.000063884662e+00  ,3.830443034364e+00  ,3.500044719264e+00  ,-1.119740634508e-01  ,1.350000000000e+01  
  1.497901287741e-04  ,5.000064171696e+00  ,3.830152805781e+00  ,3.500044920187e+00  ,-1.119869482607e-01  ,1.350000000000e+01  
  1.497902652827e-04  ,5.000064490621e+00  ,3.829830853522e+00  ,3.500045143435e+00  ,-1.119787099981e-01  ,1.350000000000e+01  
  1.497904528976e-04  ,5.000064927961e+00  ,3.829388369768e+00  ,3.500045449573e+00  ,-1.119657003134e-01  ,1.350000000000e+01  
  1.497908281275e-04  ,5.000065799117e+00  ,3.828503407652e+00  ,3.500046059382e+00  ,-1.119403301139e-01  ,1.350000000000e+01  
  1.497915753276e-04  ,5.000067519840e+00  ,3.826741192508e+00  ,3.500047263888e+00  ,-1.118899497997e-01  ,1.350000000000e+01  
  1.497923464627e-04  ,5.000069276153e+00  ,3.824922558379e+00  ,3.500048493307e+00  ,-1.118379530800e-01  ,1.350000000000e+01  
  1.497929534987e-04  ,5.000070644792e+00  ,3.823490954465e+00  ,3.500049451354e+00  ,-1.117970208562e-01  ,1.350000000000e+01  
  1.497934362964e-04  ,5.000071724577e+00  ,3.822352361780e+00  ,3.500050207204e+00  ,-1.117644663964e-01  ,1.350000000000e+01  
  1.497938341108e-04  ,5.000072608486e+00  ,3.821414195831e+00  ,3.500050825940e+00  ,-1.117376425326e-01  ,1.350000000000e+01  
  1.497942159065e-04  ,5.000073451869e+00  ,3.820513814505e+00  ,3.500051416308e+00  ,-1.117118991098e-01  ,1.350000000000e+01  
  1.497946059909e-04  ,5.000074308584e+00  ,3.819593893624e+00  ,3.500052016009e+00  ,-1.116855967192e-01  ,1.350000000000e+01  
  1.497950642948e-04  ,5.000075308700e+00  ,3.818513103590e+00  ,3.500052716090e+00  ,-1.116546949789e-01  ,1.350000000000e+01  
  1.497957209703e-04  ,5.000076729635e+00  ,3.816964524344e+00  ,3.500053710744e+00  ,-1.116104178803e-01  ,1.350000000000e+01  
  1.497964820471e-04  ,5.000078358722e+00  ,3.815169772512e+00  ,3.500054851105e+00  ,-1.115591024086e-01  ,1.350000000000e+01  
  1.497971198168e-04  ,5.000079709217e+00  ,3.813665823146e+00  ,3.500055796452e+00  ,-1.115161016543e-01  ,1.350000000000e+01  
  1.497976840121e-04  ,5.000080892801e+00  ,3.812335389948e+00  ,3.500056624961e+00  ,-1.114780620799e-01  ,1.350000000000e+01  
  1.497982079741e-04  ,5.000081982654e+00  ,3.811099845401e+00  ,3.500057387858e+00  ,-1.114427355338e-01  ,1.350000000000e+01  
  1.497987231818e-04  ,5.000083045548e+00  ,3.809884958196e+00  ,3.500058131883e+00  ,-1.114079998713e-01  ,1.350000000000e+01  
  1.497993217428e-04  ,5.000084269537e+00  ,3.808473536332e+00  ,3.500058988676e+00  ,-1.113676441753e-01  ,1.350000000000e+01  
  1.497999573705e-04  ,5.000085556551e+00  ,3.806974730473e+00  ,3.500059889585e+00  ,-1.113247905894e-01  ,1.350000000000e+01  
  1.498010356557e-04  ,5.000087709862e+00  ,3.804432188126e+00  ,3.500061396903e+00  ,-1.112520936553e-01  ,1.350000000000e+01  
  1.498018591312e-04  ,5.000089328961e+00  ,3.802490514655e+00  ,3.500062530273e+00  ,-1.111965774290e-01  ,1.350000000000e+01  
  1.498023038377e-04  ,5.000090194215e+00  ,3.801441955143e+00  ,3.500063135951e+00  ,-1.111665976187e-01  ,1.350000000000e+01  
  1.498023866439e-04  ,5.000090354623e+00  ,3.801246710088e+00  ,3.500063248236e+00  ,-1.111610197924e-01  ,1.350000000000e+01  
  1.498024379831e-04  ,5.000090453963e+00  ,3.801125659977e+00  ,3.500063317774e+00  ,-1.111575632206e-01  ,1.350000000000e+01  
  1.498024858239e-04  ,5.000090546459e+00  ,3.801012858414e+00  ,3.500063382521e+00  ,-1.111543392701e-01  ,1.350000000000e+01  
  1.498025576522e-04  ,5.000090685192e+00  ,3.800843498457e+00  ,3.500063479634e+00  ,-1.111494942647e-01  ,1.350000000000e+01  
  1.498027013087e-04  ,5.000090962159e+00  ,3.800504779335e+00  ,3.500063673511e+00  ,-1.111398057129e-01  ,1.350000000000e+01  
  1.498028021942e-04  ,5.000091156267e+00  ,3.800266908014e+00  ,3.500063809387e+00  ,-1.111330055074e-01  ,1.350000000000e+01  
  1.498028994010e-04  ,5.000091342987e+00  ,3.800037711006e+00  ,3.500063940091e+00  ,-1.111264548463e-01  ,1.350000000000e+01  
  1.498030934886e-04  ,5.000091714890e+00  ,3.799580087004e+00  ,3.500064200423e+00  ,-1.111133665050e-01  ,1.350000000000e+01  
  1.498032952131e-04  ,5.000092100141e+00  ,3.799104458728e+00  ,3.500064470099e+00  ,-1.110997661170e-01  ,1.350000000000e+01  
  1.498036986620e-04  ,5.000092866718e+00  ,3.798153208428e+00  ,3.500065006702e+00  ,-1.110725667951e-01  ,1.350000000000e+01  
  1.498045055599e-04  ,5.000094384190e+00  ,3.796250732839e+00  ,3.500066068933e+00  ,-1.110181698889e-01  ,1.350000000000e+01  
  1.498052558334e-04  ,5.000095776450e+00  ,3.794481794234e+00  ,3.500067043515e+00  ,-1.109675920412e-01  ,1.350000000000e+01  
  1.498059618690e-04  ,5.000097070174e+00  ,3.792817182596e+00  ,3.500067949122e+00  ,-1.109199974696e-01  ,1.350000000000e+01  
  1.498064891839e-04  ,5.000098026029e+00  ,3.791573955480e+00  ,3.500068618221e+00  ,-1.108844514570e-01  ,1.350000000000e+01  
  1.498069716090e-04  ,5.000098892747e+00  ,3.790436575442e+00  ,3.500069224923e+00  ,-1.108519316766e-01  ,1.350000000000e+01  
  1.498074908213e-04  ,5.000099817276e+00  ,3.789212478014e+00  ,3.500069872093e+00  ,-1.108169327426e-01  ,1.350000000000e+01  
  1.498078841188e-04  ,5.000100511892e+00  ,3.788285247136e+00  ,3.500070358324e+00  ,-1.107904180754e-01  ,1.350000000000e+01  
  1.498083144830e-04  ,5.000101266343e+00  ,3.787270637732e+00  ,3.500070886440e+00  ,-1.107614051889e-01  ,1.350000000000e+01  
  1.498089689234e-04  ,5.000102402359e+00  ,3.785727773382e+00  ,3.500071681651e+00  ,-1.107172954852e-01  ,1.350000000000e+01  
  1.498096871593e-04  ,5.000103633507e+00  ,3.784034534130e+00  ,3.500072543455e+00  ,-1.106688844426e-01  ,1.350000000000e+01  
  1.498102361740e-04  ,5.000104563597e+00  ,3.782740251484e+00  ,3.500073194518e+00  ,-1.106318749586e-01  ,1.350000000000e+01  
  1.498109545031e-04  ,5.000105766161e+00  ,3.781046839375e+00  ,3.500074036313e+00  ,-1.105834548213e-01  ,1.350000000000e+01  
  1.498116040075e-04  ,5.000106839519e+00  ,3.779515699709e+00  ,3.500074787663e+00  ,-1.105396785874e-01  ,1.350000000000e+01  
  1.498122610555e-04  ,5.000107911851e+00  ,3.777966798546e+00  ,3.500075538295e+00  ,-1.104953930318e-01  ,1.350000000000e+01  
  1.498135500060e-04  ,5.000109976157e+00  ,3.774928338181e+00  ,3.500076983310e+00  ,-1.104085153341e-01  ,1.350000000000e+01  
  1.498148702489e-04  ,5.000112036692e+00  ,3.771816200164e+00  ,3.500078425684e+00  ,-1.103195311533e-01  ,1.350000000000e+01  
  1.498174112694e-04  ,5.000115849932e+00  ,3.765826640289e+00  ,3.500081094953e+00  ,-1.101482781932e-01  ,1.350000000000e+01  
  1.498192193390e-04  ,5.000118441417e+00  ,3.761564955711e+00  ,3.500082908992e+00  ,-1.100264266569e-01  ,1.350000000000e+01  
  1.498207509921e-04  ,5.000120557792e+00  ,3.757954926275e+00  ,3.500084390455e+00  ,-1.099232076751e-01  ,1.350000000000e+01  
  1.498216737465e-04  ,5.000121797975e+00  ,3.755780098732e+00  ,3.500085258583e+00  ,-1.098610243746e-01  ,1.350000000000e+01  
  1.498223743805e-04  ,5.000122722177e+00  ,3.754128813133e+00  ,3.500085905524e+00  ,-1.098138103313e-01  ,1.350000000000e+01  
  1.498229514280e-04  ,5.000123472067e+00  ,3.752768820727e+00  ,3.500086430447e+00  ,-1.097749250229e-01  ,1.350000000000e+01  
  1.498237025396e-04  ,5.000124432913e+00  ,3.750998617423e+00  ,3.500087103039e+00  ,-1.097243107730e-01  ,1.350000000000e+01  
  1.498249035732e-04  ,5.000125933550e+00  ,3.748168108420e+00  ,3.500088153485e+00  ,-1.096433798730e-01  ,1.350000000000e+01  
  1.498254930073e-04  ,5.000126653957e+00  ,3.746779000087e+00  ,3.500088657770e+00  ,-1.096036620431e-01  ,1.350000000000e+01  
  1.498260281452e-04  ,5.000127298856e+00  ,3.745517865877e+00  ,3.500089109199e+00  ,-1.095676032836e-01  ,1.350000000000e+01  
  1.498265047961e-04  ,5.000127865952e+00  ,3.744394577761e+00  ,3.500089506167e+00  ,-1.095354858509e-01  ,1.350000000000e+01  
  1.498270915293e-04  ,5.000128554557e+00  ,3.743011882785e+00  ,3.500089988190e+00  ,-1.094959513565e-01  ,1.350000000000e+01  
  1.498275370741e-04  ,5.000129070496e+00  ,3.741961924353e+00  ,3.500090349347e+00  ,-1.094659305345e-01  ,1.350000000000e+01  
  1.498280183816e-04  ,5.000129621100e+00  ,3.740827699814e+00  ,3.500090734770e+00  ,-1.094335003491e-01  ,1.350000000000e+01  
  1.498286762678e-04  ,5.000130362383e+00  ,3.739277378154e+00  ,3.500091253668e+00  ,-1.093891728680e-01  ,1.350000000000e+01  
  1.498294780434e-04  ,5.000131248135e+00  ,3.737388008658e+00  ,3.500091873695e+00  ,-1.093351512671e-01  ,1.350000000000e+01  
  1.498300183968e-04  ,5.000131834159e+00  ,3.736114694581e+00  ,3.500092283911e+00  ,-1.092987441604e-01  ,1.350000000000e+01  
  1.498306316727e-04  ,5.000132488621e+00  ,3.734669560597e+00  ,3.500092742035e+00  ,-1.092574243713e-01  ,1.350000000000e+01  
  1.498311459490e-04  ,5.000133028722e+00  ,3.733457725911e+00  ,3.500093120106e+00  ,-1.092227750238e-01  ,1.350000000000e+01  
  1.498318102614e-04  ,5.000133714640e+00  ,3.731892368190e+00  ,3.500093600248e+00  ,-1.091780176640e-01  ,1.350000000000e+01  
  1.498323944801e-04  ,5.000134306927e+00  ,3.730515758798e+00  ,3.500094014849e+00  ,-1.091386569671e-01  ,1.350000000000e+01  
  1.498330985599e-04  ,5.000135007151e+00  ,3.728856740747e+00  ,3.500094505006e+00  ,-1.090912215228e-01  ,1.350000000000e+01  
  1.498340093003e-04  ,5.000135890924e+00  ,3.726710808119e+00  ,3.500095123647e+00  ,-1.090298639374e-01  ,1.350000000000e+01  
  1.498350732432e-04  ,5.000136892005e+00  ,3.724203946047e+00  ,3.500095824404e+00  ,-1.089581865620e-01  ,1.350000000000e+01  
  1.498366889016e-04  ,5.000138347769e+00  ,3.720397243790e+00  ,3.500096843439e+00  ,-1.088493432990e-01  ,1.350000000000e+01  
  1.498385586248e-04  ,5.000139935741e+00  ,3.715992099949e+00  ,3.500097955018e+00  ,-1.087233890671e-01  ,1.350000000000e+01  
  1.498422980712e-04  ,5.000142801970e+00  ,3.707182354224e+00  ,3.500099961379e+00  ,-1.084714956653e-01  ,1.350000000000e+01  
  1.498497769640e-04  ,5.000147307431e+00  ,3.689565033376e+00  ,3.500103115202e+00  ,-1.079677696458e-01  ,1.350000000000e+01  
  1.498647347496e-04  ,5.000151474472e+00  ,3.654339090664e+00  ,3.500106032130e+00  ,-1.069605607297e-01  ,1.350000000000e+01  
  1.498780519174e-04  ,5.000149850783e+00  ,3.622986631670e+00  ,3.500104895548e+00  ,-1.060640990423e-01  ,1.350000000000e+01  
  1.498938858913e-04  ,5.000141466638e+00  ,3.585720913081e+00  ,3.500099026646e+00  ,-1.049985512990e-01  ,1.350000000000e+01  
  1.499038383768e-04  ,5.000132671979e+00  ,3.562304160475e+00  ,3.500092870386e+00  ,-1.043289857613e-01  ,1.350000000000e+01  
  1.499159545110e-04  ,5.000118322338e+00  ,3.533803663932e+00  ,3.500082825637e+00  ,-1.035140538671e-01  ,1.350000000000e+01  
  1.499264359878e-04  ,5.000102718568e+00  ,3.509154559734e+00  ,3.500071902997e+00  ,-1.028092425162e-01  ,1.350000000000e+01  
  1.499393478439e-04  ,5.000079450782e+00  ,3.478797929907e+00  ,3.500055615547e+00  ,-1.019412258096e-01  ,1.350000000000e+01  
  1.499501437352e-04  ,5.000056595705e+00  ,3.453422834748e+00  ,3.500039616993e+00  ,-1.012156460883e-01  ,1.350000000000e+01  
  1.499589592622e-04  ,5.000035645627e+00  ,3.432707042344e+00  ,3.500024951939e+00  ,-1.006232919173e-01  ,1.350000000000e+01  
  1.499644399093e-04  ,5.000021587308e+00  ,3.419830030811e+00  ,3.500015111115e+00  ,-1.002550809286e-01  ,1.350000000000e+01  
  1.499685727463e-04  ,5.000010463456e+00  ,3.410120810073e+00  ,3.500007324419e+00  ,-9.997745040323e-02  ,1.350000000000e+01  
  1.499765001641e-04  ,4.999987871305e+00  ,3.391499570298e+00  ,3.499991509913e+00  ,-9.944498283634e-02  ,1.350000000000e+01  
  1.499866895781e-04  ,4.999956417614e+00  ,3.367569891785e+00  ,3.499969492330e+00  ,-9.876071849734e-02  ,1.350000000000e+01  
  1.500000000000e-04  ,4.999911246553e+00  ,3.336318917160e+00  ,3.499937872587e+00  ,-9.786709714339e-02  ,1.350000000000e+01  
